from,to,name,pos,yrs,total,aav,mlb_contract,Starting Year,Contract Year,first_name,last_name,mlbam_id
PHI,MIA,A.J. Ellis,C,1,2500000,2500000.0,1,2017,2016,A.J.,Ellis,454560
,TEX,A.J. Jimenez,C,1,0,0.0,0,2017,2016,A.J.,Jimenez,543362
,MIL,A.J. Murray,C,0,0,0.0,0,2017,2016,A.J.,Murray,
,SF,Aaron Hill,3B,1,2000000,2000000.0,0,2017,2016,Aaron,Hill,431094
,CHW,Adam Engel,RF,0,0,0.0,0,2017,2016,Adam,Engel,641553
SEA,WSH,Adam Lind,1B/DH,1,1500000,1500000.0,1,2017,2016,Adam,Lind,452252
,CLE,Adam Moore,C,1,570000,570000.0,0,2017,2016,Adam,Moore,446192
SD,OAK,Adam Rosales,2B/SS/3B,1,1250000,1250000.0,1,2017,2016,Adam,Rosales,489267
CUB,STL,Adolis García,RF,0,0,0.0,1,2017,2016,Adolis,García,666969
CUB,ATL,Alay Lago,2B,0,0,0.0,1,2017,2016,Alay,Lago,
,WSH,Alejandro De Aza,LF,0,0,0.0,0,2017,2016,Alejandro,De Aza,457477
CHW,DET,Alex Avila,C,1,2000000,2000000.0,1,2017,2016,Alex,Avila,488671
,DET,Alex Presley,LF,0,0,0.0,0,2017,2016,Alex,Presley,502100
SD,COL,Alexi Amarista,SS,1,1250000,1250000.0,1,2017,2016,Alexi,Amarista,506560
PHI,PHI,Andres Blanco,3B,1,3000000,3000000.0,1,2017,2016,Andres,Blanco,433217
,ARI,Angel Franco,2B,0,0,0.0,0,2017,2016,Angel,Franco,
,CLE,Austin Jackson,CF,1,1500000,1500000.0,0,2017,2016,Austin,Jackson,457706
,SF,B.J. Upton,LF,0,0,0.0,0,2017,2016,B.J.,Upton,
,MIN,Ben Paulsen,1B,0,0,0.0,0,2017,2016,Ben,Paulsen,572019
WSH,LAA,Ben Revere,CF,1,4000000,4000000.0,1,2017,2016,Ben,Revere,519184
,LAD,Bobby Wilson,C,1,1000000,1000000.0,0,2017,2016,Bobby,Wilson,435064
STL,KC,Brandon Moss,DH,2,12000000,6000000.0,1,2017,2016,Brandon,Moss,461235
,WSH,Brandon Snyder,3B,0,0,0.0,0,2017,2016,Brandon,Snyder,474319
,KC,Brayan Pena,C,1,535000,535000.0,0,2017,2016,Brayan,Pena,430910
,DET,Brendan Ryan,1B/SS,0,-1,0.0,0,2017,2016,Brendan,Ryan,453895
,TEX,Brett Hayes,C,0,0,0.0,0,2017,2016,Brett,Hayes,451109
,SD,Brett Wallace,3B,0,0,0.0,0,2017,2016,Brett,Wallace,477165
,BOS,Brian Bogusevic,RF/CF,0,0,0.0,0,2017,2016,Brian,Bogusevic,460131
,DET,Bryan Holaday,C,1,0,0.0,0,2017,2016,Bryan,Holaday,592407
,CHW,Caleb Gindl,LF,0,0,0.0,0,2017,2016,Caleb,Gindl,518725
TEX,HOU,Carlos Beltrán,DH/RF,1,16000000,16000000.0,1,2017,2016,Carlos,Beltrán,136860
,CHC,Carlos Corporán,C,0,0,0.0,0,2017,2016,Carlos,Corporán,449786
TEX,TEX,Carlos Gomez,RF,1,11500000,11500000.0,1,2017,2016,Carlos,Gomez,460576
,TEX,Carlos Maldonado,C,0,0,0.0,0,2017,2016,Carlos,Maldonado,118191
,SF,Carlos Moncrief,RF,0,0,0.0,0,2017,2016,Carlos,Moncrief,519037
,BOS,Carlos Quentin,LF,0,0,0.0,0,2017,2016,Carlos,Quentin,435041
,ARI,Carlos Rivero,SS,0,0,0.0,0,2017,2016,Carlos,Rivero,491640
,LAA,Cesar Puello,RF,0,0,0.0,0,2017,2016,Cesar,Puello,527049
LAD,LAD,Chase Utley,2B,1,2000000,2000000.0,1,2017,2016,Chase,Utley,400284
MIL,NYY,Chris Carter,1B,1,3500000,3500000.0,1,2017,2016,Chris,Carter,452080
,TOR,Chris Coghlan,LF,1,0,0.0,0,2017,2016,Chris,Coghlan,458085
,CLE,Chris Colabello,1B,0,0,0.0,0,2017,2016,Chris,Colabello,499624
,COL,Chris Denorfia,RF/LF,0,0,0.0,0,2017,2016,Chris,Denorfia,456121
,BAL,Chris Dickerson,LF,0,0,0.0,0,2017,2016,Chris,Dickerson,447736
,CHC,Chris Dominguez,LF,0,0,0.0,0,2017,2016,Chris,Dominguez,458689
,MIN,Chris Gimenez,C,1,950000,950000.0,0,2017,2016,Chris,Gimenez,460269
WSH,WSH,Chris Heisey,LF/CF,1,1400000,1400000.0,1,2017,2016,Chris,Heisey,502317
SEA,ARI,Chris Iannetta,C,1,1500000,1500000.0,1,2017,2016,Chris,Iannetta,455104
,BAL,Chris Johnson,3B/1B,0,0,0.0,0,2017,2016,Chris,Johnson,453400
,MIA,Chris Parmelee,1B,0,0,0.0,0,2017,2016,Chris,Parmelee,476633
,SD,Christian Villanueva,3B,0,0,0.0,0,2017,2016,Christian,Villanueva,570799
,MIA,Cleuluis Rondon,SS,0,0,0.0,0,2017,2016,Cleuluis,Rondon,
,CHW,Cody Asche,LF,0,0,0.0,0,2017,2016,Cody,Asche,605125
HOU,TB,Colby Rasmus,LF,1,5000000,5000000.0,1,2017,2016,Colby,Rasmus,458675
,SD,Collin Cowgill,RF/CF,0,0,0.0,0,2017,2016,Collin,Cowgill,518577
,WSH,Corban Joseph,1B,0,0,0.0,0,2017,2016,Corban,Joseph,543377
,BAL,Craig Gentry,LF/RF,0,0,0.0,0,2017,2016,Craig,Gentry,502226
COL,ARI,Daniel Descalso,2B/LF,1,1500000,1500000.0,1,2017,2016,Daniel,Descalso,518614
,WSH,Daniel Gamache,3B,0,0,0.0,0,2017,2016,Daniel,Gamache,
,PHI,Daniel Nava,LF,1,1350000,1350000.0,0,2017,2016,Daniel,Nava,537953
,CLE,Daniel Robertson,LF,0,0,0.0,0,2017,2016,Daniel,Robertson,621002
,TB,Danny Espinosa,SS/2B,0,0,0.0,0,2017,2016,Danny,Espinosa,457787
,ATL,David Freitas,C,0,0,0.0,0,2017,2016,David,Freitas,571679
,DET,David Lough,RF,0,0,0.0,0,2017,2016,David,Lough,518953
,TB,Derek Norris,C,1,1200000,1200000.0,0,2017,2016,Derek,Norris,519083
,NYM,Desmond Jennings,LF/CF,1,0,0.0,0,2017,2016,Desmond,Jennings,457775
CHC,STL,Dexter Fowler,RF,5,82500000,16500000.0,1,2017,2016,Dexter,Fowler,451594
,COL,Domonic Brown,LF,0,0,0.0,0,2017,2016,Domonic,Brown,502126
,NYY,Donovan Solano,2B/SS,0,0,0.0,0,2017,2016,Donovan,Solano,456781
KC,KC,Drew Butera,C,2,3800000,1900000.0,1,2017,2016,Drew,Butera,460077
,LAD,Drew Maggi,SS,0,0,0.0,0,2017,2016,Drew,Maggi,543482
,TEX,Drew Stubbs,CF,0,0,0.0,0,2017,2016,Drew,Stubbs,453211
,LAA,Dustin Ackley,2B,1,2250000,2250000.0,0,2017,2016,Dustin,Ackley,554429
,SD,Dusty Coleman,2B,0,0,0.0,0,2017,2016,Dusty,Coleman,543038
,PHI,Dylan Cozens,OF,0,0,0.0,0,2017,2016,Dylan,Cozens,622226
TOR,CLE,Edwin Encarnacion,DH/1B,3,60000000,20000000.0,1,2017,2016,Edwin,Encarnacion,429665
,DET,Efren Navarro,1B,0,0,0.0,0,2017,2016,Efren,Navarro,519068
,CHC,Elliot Soto,SS,0,0,0.0,0,2017,2016,Elliot,Soto,519303
,ARI,Emilio Bonifacio,CF,0,0,0.0,0,2017,2016,Emilio,Bonifacio,466988
,WSH,Emmanuel Burriss,SS/2B,0,0,0.0,0,2017,2016,Emmanuel,Burriss,502034
,STL,Eric Fryer,C,1,675000,675000.0,0,2017,2016,Eric,Fryer,518700
,MIL,Eric Sogard,3B/SS,0,0,0.0,0,2017,2016,Eric,Sogard,519299
,LAA,Eric Young Jr.,CF,0,0,0.0,0,2017,2016,Eric,Young Jr.,458913
,SD,Erick Aybar,SS,1,1750000,1750000.0,0,2017,2016,Erick,Aybar,430947
,CLE,Erik Kratz,C,0,0,0.0,0,2017,2016,Erik,Kratz,456124
,PIT,Eury Perez,LF,0,0,0.0,0,2017,2016,Eury,Perez,516811
,CHW,Everth Cabrera,SS,0,0,0.0,0,2017,2016,Everth,Cabrera,465784
,MIA,Felipe Gonzalez,1B,0,0,0.0,0,2017,2016,Felipe,Gonzalez,
,LAA,Francisco Arcia,C,0,0,0.0,0,2017,2016,Francisco,Arcia,516472
,OAK,Franklin Barreto,SS,0,0,0.0,0,2017,2016,Franklin,Barreto,620439
SEA,LAD,Franklin Gutierrez,CF,1,2600000,2600000.0,1,2017,2016,Franklin,Gutierrez,429711
,CIN,Gabby Guerrero,LF,0,0,0.0,0,2017,2016,Gabby,Guerrero,
,CHW,Geovany Soto,C,1,2000000,2000000.0,0,2017,2016,Geovany,Soto,434567
,SEA,Gordon Beckham,2B,0,0,0.0,0,2017,2016,Gordon,Beckham,493596
,MIA,Grant Green,LF,0,0,0.0,0,2017,2016,Grant,Green,502205
,TOR,Gregorio Petit,SS,0,0,0.0,0,2017,2016,Gregorio,Petit,463610
,ARI,Grégor Blanco,RF/LF,1,1000000,1000000.0,0,2017,2016,Grégor,Blanco,453923
,CLE,Guillermo Quiroz,C,0,0,0.0,0,2017,2016,Guillermo,Quiroz,425565
,ARI,Hank Conger,C,1,950000,950000.0,0,2017,2016,Hank,Conger,474233
,LAD,Henry Ramos,OF,0,0,0.0,0,2017,2016,Henry,Ramos,592656
,BOS,Henry Urrutia,DH,0,0,0.0,0,2017,2016,Henry,Urrutia,625329
,SD,Héctor Sánchez,C,1,750000,750000.0,0,2017,2016,Héctor,Sánchez,516949
TEX,COL,Ian Desmond,CF/1B,5,70000000,14000000.0,1,2017,2016,Ian,Desmond,435622
,LAD,Ike Davis,1B,1,1250000,1250000.0,0,2017,2016,Ike,Davis,113113
,MIN,J.B. Shuck,LF/CF,0,0,0.0,0,2017,2016,J.B.,Shuck,543776
,OAK,Jaff Decker,LF,0,0,0.0,0,2017,2016,Jaff,Decker,543094
,TOR,Jake Elmore,LF,0,0,0.0,0,2017,2016,Jake,Elmore,518653
,ARI,Jake Goebbert,1B,0,0,0.0,0,2017,2016,Jake,Goebbert,572876
,ATL,James Loney,1B,0,0,0.0,0,2017,2016,James,Loney,425766
,SD,Jamie Romak,RF/1B,0,0,0.0,0,2017,2016,Jamie,Romak,457449
,TOR,Jarrod Saltalamacchia,C,0,0,0.0,0,2017,2016,Jarrod,Saltalamacchia,457454
,CHW,Jason Bourgeois,LF/CF,0,0,0.0,0,2017,2016,Jason,Bourgeois,430652
HOU,MIN,Jason Castro,C/DH,3,24500000,8166667.0,1,2017,2016,Jason,Castro,488771
,ARI,Jason Pridie,RF/CF,0,0,0.0,0,2017,2016,Jason,Pridie,445095
MIA,ARI,Jeff Mathis,C,2,4000000,2000000.0,1,2017,2016,Jeff,Mathis,425772
,CHC,Jemile Weeks,2B,0,0,0.0,0,2017,2016,Jemile,Weeks,457789
,OAK,Jermaine Curtis,3B,0,0,0.0,0,2017,2016,Jermaine,Curtis,543079
,SF,Jerry Sands,LF,0,0,0.0,0,2017,2016,Jerry,Sands,543742
,BOS,Jesús Montero,C,1,550000,550000.0,0,2017,2016,Jesús,Montero,524968
STL,BOS,Jhonny Peralta,3B,0,0,0.0,0,2017,2016,Jhonny,Peralta,425509
,NYY,Ji-Man Choi,1B,1,700000,700000.0,0,2017,2016,Ji-Man,Choi,596847
,DET,Jim Adduci,CF,0,0,0.0,0,2017,2016,Jim,Adduci,110073
,SF,Jimmy Rollins,SS,1,1000000,1000000.0,0,2017,2016,Jimmy,Rollins,276519
,WSH,Joey Butler,LF,0,0,0.0,0,2017,2016,Joey,Butler,542994
,PIT,Joey Terdoslavich,LF,0,0,0.0,0,2017,2016,Joey,Terdoslavich,519345
,BAL,Johnny Giavotella,2B,1,1100000,1100000.0,0,2017,2016,Johnny,Giavotella,543213
SD,CHC,Jon Jay,RF,1,8000000,8000000.0,1,2017,2016,Jon,Jay,445055
,STL,Jordan Schafer,CF,0,0,0.0,0,2017,2016,Jordan,Schafer,457788
,LAD,Jose Brizuela,3B,0,0,0.0,0,2017,2016,Jose,Brizuela,
CUB,LAA,Jose Miguel Fernandez,1B,0,0,0.0,1,2017,2016,Jose,Miguel Fernandez,628336
,SD,Jose Pirela,2B,0,0,0.0,0,2017,2016,Jose,Pirela,517369
,TOR,Jose Tabata,RF,0,0,0.0,0,2017,2016,Jose,Tabata,467798
,TEX,Josh Hamilton,LF/CF,1,535000,535000.0,0,2017,2016,Josh,Hamilton,285078
LAD,HOU,Josh Reddick,RF,4,52000000,13000000.0,1,2017,2016,Josh,Reddick,502210
,ARI,Josh Thole,C,1,0,0.0,0,2017,2016,Josh,Thole,489365
,TEX,Josh Wilson,2B,1,0,0.0,0,2017,2016,Josh,Wilson,425543
,SF,Josmil Pinto,C,0,0,0.0,0,2017,2016,Josmil,Pinto,500887
TOR,TOR,José Bautista,RF/3B,1,18500000,18500000.0,1,2017,2016,José,Bautista,110713
,HOU,Juan Centeno,C,0,0,0.0,0,2017,2016,Juan,Centeno,518542
,BAL,Juan Francisco,1B,0,0,0.0,0,2017,2016,Juan,Francisco,464433
,BOS,Junior Lake,LF/CF,0,0,0.0,0,2017,2016,Junior,Lake,516809
,SF,Justin Ruggiano,RF,0,0,0.0,0,2017,2016,Justin,Ruggiano,448605
LAD,LAD,Justin Turner,3B/1B,4,64000000,16000000.0,1,2017,2016,Justin,Turner,457759
,ARI,Kelly Dugan,LF,0,0,0.0,0,2017,2016,Kelly,Dugan,
KC,TOR,Kendrys Morales,DH/1B,3,33000000,11000000.0,1,2017,2016,Kendrys,Morales,434778
,OAK,Kenny Wilson,CF,0,0,0.0,0,2017,2016,Kenny,Wilson,
,ARI,Kris Negrón,RF,0,0,0.0,0,2017,2016,Kris,Negrón,
MIN,ATL,Kurt Suzuki,C,1,1500000,1500000.0,1,2017,2016,Kurt,Suzuki,435559
,ATL,Lane Adams,LF,0,0,0.0,0,2017,2016,Lane,Adams,572669
,BAL,Logan Schafer,LF,0,0,0.0,0,2017,2016,Logan,Schafer,502582
,DET,Logan Watkins,2B,0,0,0.0,0,2017,2016,Logan,Watkins,543894
HOU,LAA,Luis Valbuena,3B,2,15000000,7500000.0,1,2017,2016,Luis,Valbuena,472528
CUB,TEX,Luis Yander La O,3B,0,0,0.0,1,2017,2016,Luis,Yander La O,
,COL,Mark Reynolds,3B/1B,1,1500000,1500000.0,0,2017,2016,Mark,Reynolds,448602
BAL,BAL,Mark Trumbo,DH,3,37500000,12500000.0,1,2017,2016,Mark,Trumbo,444432
,BOS,Matt Dominguez,3B,0,0,0.0,0,2017,2016,Matt,Dominguez,518625
STL,NYY,Matt Holliday,OF,1,13000000,13000000.0,1,2017,2016,Matt,Holliday,407812
PIT,OAK,Matt Joyce,LF,2,11000000,5500000.0,1,2017,2016,Matt,Joyce,459964
,OAK,Matt McBride,C,0,0,0.0,0,2017,2016,Matt,McBride,473724
,WSH,Matt Skole,3B,0,0,0.0,0,2017,2016,Matt,Skole,605474
,ATL,Matt Tuiasosopo,LF,0,0,0.0,0,2017,2016,Matt,Tuiasosopo,449168
BAL,WSH,Matt Wieters,C,2,21000000,10500000.0,1,2017,2016,Matt,Wieters,446308
,PHI,Matt Williams,SS,0,0,0.0,0,2017,2016,Matt,Williams,124327
,DET,Matt den Dekker,CF,0,0,0.0,0,2017,2016,Matt,den Dekker,544925
,COL,Maxx Tissenbaum,C,0,0,0.0,0,2017,2016,Maxx,Tissenbaum,
,DET,Michael Almanzar,3B,0,0,0.0,0,2017,2016,Michael,Almanzar,
,BAL,Michael Bourn,CF,1,2000000,2000000.0,0,2017,2016,Michael,Bourn,456422
,CLE,Michael Martínez,2B,0,0,0.0,0,2017,2016,Michael,Martínez,492841
,TB,Michael McKenry,C,0,0,0.0,0,2017,2016,Michael,McKenry,502374
,TEX,Michael O'Neill,OF,0,0,0.0,0,2017,2016,Michael,O'Neill,
,TOR,Michael Ohlman,C,0,0,0.0,0,2017,2016,Michael,Ohlman,
TOR,PHI,Michael Saunders,LF,1,9000000,9000000.0,1,2017,2016,Michael,Saunders,459431
,MIA,Mike Aviles,3B/SS/2B,0,0,0.0,0,2017,2016,Mike,Aviles,449107
,CHC,Mike Freeman,2B,0,0,0.0,0,2017,2016,Mike,Freeman,502273
,SF,Mike Morse,LF/1B,0,0,0.0,0,2017,2016,Mike,Morse,434604
CLE,TEX,Mike Napoli,1B/DH,1,8500000,8500000.0,1,2017,2016,Mike,Napoli,435063
,DET,Mike O'Neill,OF,0,0,0.0,0,2017,2016,Mike,O'Neill,120027
,BOS,Mike Olt,3B,0,0,0.0,0,2017,2016,Mike,Olt,592609
TEX,BOS,Mitch Moreland,1B/DH,1,5500000,5500000.0,1,2017,2016,Mitch,Moreland,519048
,CHC,Munenori Kawasaki,SS/2B,0,0,0.0,0,2017,2016,Munenori,Kawasaki,493128
NYM,NYM,Neil Walker,2B,1,17200000,17200000.0,1,2017,2016,Neil,Walker,435522
,SD,Nick Buss,LF,0,0,0.0,0,2017,2016,Nick,Buss,502544
COL,SF,Nick Hundley,C,1,2000000,2000000.0,1,2017,2016,Nick,Hundley,460026
,MIL,Nick Noonan,2B,0,0,0.0,0,2017,2016,Nick,Noonan,519082
,NYM,Nori Aoki,LF,0,0,0.0,0,2017,2016,Nori,Aoki,493114
,DET,Omar Infante,2B,0,0,0.0,0,2017,2016,Omar,Infante,408299
,SF,Orlando Calixte,SS,0,0,0.0,0,2017,2016,Orlando,Calixte,593525
,ARI,Oswaldo Arcia,LF,0,0,0.0,0,2017,2016,Oswaldo,Arcia,542455
,SF,Pablo Sandoval,3B,0,0,0.0,0,2017,2016,Pablo,Sandoval,467055
,BAL,Paul Janish,SS/3B,1,0,0.0,0,2017,2016,Paul,Janish,457926
BAL,BAL,Pedro Alvarez,1B,1,2000000,2000000.0,1,2017,2016,Pedro,Alvarez,476883
,PHI,Pedro Florimón,SS,1,600000,600000.0,0,2017,2016,Pedro,Florimón,465753
,CHW,Peter Bourjos,RF,1,1350000,1350000.0,0,2017,2016,Peter,Bourjos,488721
,MIL,Quintin Berry,LF,0,0,0.0,0,2017,2016,Quintin,Berry,450641
,SD,Rafael Ortega,DH/CF,0,0,0.0,0,2017,2016,Rafael,Ortega,542364
,TOR,Raffy Lopez,C,0,0,0.0,0,2017,2016,Raffy,Lopez,
CLE,OAK,Rajai Davis,CF,1,6000000,6000000.0,1,2017,2016,Rajai,Davis,434658
,KC,Ramon Castro,2B,0,0,0.0,0,2017,2016,Ramon,Castro,
,LAA,Ramon Flores,CF,0,0,0.0,0,2017,2016,Ramon,Flores,570717
,MIA,Ramón Cabrera,C,0,0,0.0,0,2017,2016,Ramón,Cabrera,541608
,STL,Rangel Ravelo,1B,0,0,0.0,0,2017,2016,Rangel,Ravelo,592660
,HOU,Reid Brignac,3B,0,0,0.0,0,2017,2016,Reid,Brignac,458582
,ARI,Reymond Fuentes,CF,0,0,0.0,0,2017,2016,Reymond,Fuentes,571681
,TB,Rickie Weeks,1B,1,1500000,1500000.0,0,2017,2016,Rickie,Weeks,430001
,CHW,Rob Brantly,C,0,0,0.0,0,2017,2016,Rob,Brantly,542963
,COL,Rosell Herrera,RF,0,0,0.0,0,2017,2016,Rosell,Herrera,594011
,NYY,Ruben Tejada,SS,0,0,0.0,0,2017,2016,Ruben,Tejada,514913
,SEA,Ryan Casteel,C,0,0,0.0,0,2017,2016,Ryan,Casteel,
,COL,Ryan Hanigan,C,1,1250000,1250000.0,0,2017,2016,Ryan,Hanigan,452672
,COL,Ryan Howard,1B,0,0,0.0,0,2017,2016,Ryan,Howard,429667
,MIA,Ryan Jackson,SS,0,0,0.0,0,2017,2016,Ryan,Jackson,474249
,CHW,Ryan Raburn,LF/RF,0,0,0.0,0,2017,2016,Ryan,Raburn,430605
PIT,ATL,Sean Rodriguez,2B,2,11500000,5750000.0,1,2017,2016,Sean,Rodriguez,446481
,LAA,Shane Robinson,CF,0,0,0.0,0,2017,2016,Shane,Robinson,453203
,NYY,Sharif Othman,C,0,0,0.0,0,2017,2016,Sharif,Othman,
,SF,Slade Heathcott,LF,0,0,0.0,0,2017,2016,Slade,Heathcott,571761
WSH,WSH,Stephen Drew,2B/SS,1,3500000,3500000.0,1,2017,2016,Stephen,Drew,452220
,SEA,Steve Baron,C,0,0,0.0,0,2017,2016,Steve,Baron,
,MIA,Steve Lombardozzi,2B/3B,0,0,0.0,0,2017,2016,Steve,Lombardozzi,543459
BAL,TOR,Steven Pearce,1B/LF,2,12500000,6250000.0,1,2017,2016,Steven,Pearce,
,SF,Tim Federowicz,C,0,0,0.0,0,2017,2016,Tim,Federowicz,543148
,SD,Tony Cruz,C,0,0,0.0,0,2017,2016,Tony,Cruz,488810
,LAA,Tony Sanchez,C,0,0,0.0,0,2017,2016,Tony,Sanchez,506997
,NYM,Travis Snider,RF,0,0,0.0,0,2017,2016,Travis,Snider,501983
MIN,OAK,Trevor Plouffe,3B/2B,1,5250000,5250000.0,1,2017,2016,Trevor,Plouffe,461858
,LAD,Tyler Holt,RF,0,0,0.0,0,2017,2016,Tyler,Holt,534627
,MIA,Tyler Moore,1B,1,1000000,1000000.0,0,2017,2016,Tyler,Moore,489138
ARI,BAL,Welington Castillo,C,2,13000000,6500000.0,1,2017,2016,Welington,Castillo,456078
,STL,Wilfredo Tovar,SS,0,0,0.0,0,2017,2016,Wilfredo,Tovar,541600
,NYY,Wilkin Castillo,C,0,0,0.0,0,2017,2016,Wilkin,Castillo,446868
,TEX,Will Middlebrooks,3B,1,0,0.0,0,2017,2016,Will,Middlebrooks,519025
,ARI,Willians Astudillo,C,0,0,0.0,0,2017,2016,Willians,Astudillo,553902
WSH,TB,Wilson Ramos,C,2,12500000,6250000.0,1,2017,2016,Wilson,Ramos,467092
,LAD,Wynston Sawyer,C,0,0,0.0,0,2017,2016,Wynston,Sawyer,
,SF,Wynton Bernard,LF,0,0,0.0,0,2017,2016,Wynton,Bernard,592144
,ATL,Xavier Avery,LF,0,0,0.0,0,2017,2016,Xavier,Avery,542897
CUB,WSH,Yadiel Hernandez,LF,0,0,0.0,1,2017,2016,Yadiel,Hernandez,628450
NYM,NYM,Yoenis Céspedes,LF,4,110000000,27500000.0,1,2017,2016,Yoenis,Céspedes,493316
,KC,Zach Walters,LF,0,0,0.0,0,2017,2016,Zach,Walters,595025
,DET,Zack Cox,3B,0,0,0.0,0,2017,2016,Zack,Cox,543059
,SD,A.J. Ellis,C,0,0,0.0,0,2018,2017,A.J.,Ellis,454560
,BOS,Adam Lind,1B/DH,0,0,0.0,0,2018,2017,Adam,Lind,452252
,TB,Adam Moore,C,0,0,0.0,0,2018,2017,Adam,Moore,446192
,CLE,Adam Rosales,2B/SS/3B,0,0,0.0,0,2018,2017,Adam,Rosales,489267
ATL,NYM,Adrián González,1B,1,545000,545000.0,1,2018,2017,Adrián,González,408236
,PHI,Adron Chambers,LF/CF,1,0,0.0,0,2018,2017,Adron,Chambers,518545
KC,KC,Alcides Escobar,SS,1,2500000,2500000.0,1,2018,2017,Alcides,Escobar,444876
,WSH,Alejandro De Aza,LF,1,800000,800000.0,0,2018,2017,Alejandro,De Aza,457477
,WSH,Alejandro Flores,C,0,0,0.0,0,2018,2017,Alejandro,Flores,
,SF,Alen Hanson,2B,0,0,0.0,0,2018,2017,Alen,Hanson,593700
CHC,ARI,Alex Avila,C,2,8250000,4125000.0,1,2018,2017,Alex,Avila,488671
,CHW,Alex Presley,LF,0,0,0.0,0,2018,2017,Alex,Presley,502100
,PHI,Alexi Amarista,SS,0,0,0.0,0,2018,2017,Alexi,Amarista,506560
,SD,Allen Craig,RF/1B,0,0,0.0,0,2018,2017,Allen,Craig,501800
,MIL,Andres Blanco,3B,0,0,0.0,0,2018,2017,Andres,Blanco,433217
,KC,Andy LaRoche,3B,0,0,0.0,0,2018,2017,Andy,LaRoche,451188
,BAL,Angelo Mora,SS,0,0,0.0,0,2018,2017,Angelo,Mora,
,OAK,Anthony Garcia,LF,0,0,0.0,0,2018,2017,Anthony,Garcia,571685
,ARI,Anthony Recker,C,1,750000,750000.0,0,2018,2017,Anthony,Recker,489232
,TOR,Anthony Rodriguez,1B,0,0,0.0,0,2018,2017,Anthony,Rodriguez,
CLE,SF,Austin Jackson,CF,2,6000000,3000000.0,1,2018,2017,Austin,Jackson,457706
,CLE,B.J. Upton,LF,1,1500000,1500000.0,0,2018,2017,B.J.,Upton,
,LAA,Ben Revere,CF,0,0,0.0,0,2018,2017,Ben,Revere,519184
,MIN,Bobby Wilson,C,0,0,0.0,0,2018,2017,Bobby,Wilson,435064
,OAK,Brallan Perez,2B,0,0,0.0,0,2018,2017,Brallan,Perez,
,CLE,Brandon Benavente,C,0,0,0.0,0,2018,2017,Brandon,Benavente,
,BOS,Brandon Phillips,2B,0,0,0.0,0,2018,2017,Brandon,Phillips,408252
,TB,Brandon Snyder,3B,1,0,0.0,0,2018,2017,Brandon,Snyder,474319
,DET,Brayan Pena,C,0,0,0.0,0,2018,2017,Brayan,Pena,430910
,TEX,Brett Eibner,LF,1,0,0.0,0,2018,2017,Brett,Eibner,518649
,MIA,Bryan Holaday,C,0,0,0.0,0,2018,2017,Bryan,Holaday,592407
HOU,MIA,Cameron Maybin,RF,1,3250000,3250000.0,1,2018,2017,Cameron,Maybin,457727
,SEA,Cameron Rupp,C,0,0,0.0,0,2018,2017,Cameron,Rupp,519237
TEX,TB,Carlos Gomez,RF,1,4000000,4000000.0,1,2018,2017,Carlos,Gomez,460576
COL,COL,Carlos Gonzalez,RF,1,8000000,8000000.0,1,2018,2017,Carlos,Gonzalez,471865
CLE,PHI,Carlos Santana,1B/DH,3,60000000,20000000.0,1,2018,2017,Carlos,Santana,467793
,ARI,Cesar Puello,RF,0,0,0.0,0,2018,2017,Cesar,Puello,527049
LAD,LAD,Chase Utley,2B,2,2000000,1000000.0,1,2018,2017,Chase,Utley,400284
,SF,Chase d'Arnaud,3B/LF,0,0,0.0,0,2018,2017,Chase,d'Arnaud,488818
,LAA,Chris Carter,1B,1,1750000,1750000.0,0,2018,2017,Chris,Carter,452080
,WSH,Chris Dominguez,LF,0,0,0.0,0,2018,2017,Chris,Dominguez,458689
,CHC,Chris Gimenez,C,0,0,0.0,0,2018,2017,Chris,Gimenez,460269
,MIN,Chris Heisey,LF/CF,1,0,0.0,0,2018,2017,Chris,Heisey,502317
,SEA,Chris Herrmann,C,0,0,0.0,0,2018,2017,Chris,Herrmann,543302
ARI,COL,Chris Iannetta,C,2,8500000,4250000.0,1,2018,2017,Chris,Iannetta,455104
,KC,Chris Nelson,3B/2B,0,0,0.0,0,2018,2017,Chris,Nelson,455126
PIT,ATL,Chris Stewart,C,1,575000,575000.0,1,2018,2017,Chris,Stewart,455755
BOS,LAA,Chris Young,RF/CF/LF,1,2000000,2000000.0,1,2018,2017,Chris,Young,432934
,MIL,Christian Bethancourt,C,0,0,0.0,0,2018,2017,Christian,Bethancourt,542194
,NYM,Christian Colon,2B,0,0,0.0,0,2018,2017,Christian,Colon,518568
,ATL,Cleuluis Rondon,SS,0,0,0.0,0,2018,2017,Cleuluis,Rondon,
,TEX,Cliff Pennington,SS,0,0,0.0,0,2018,2017,Cliff,Pennington,460060
,BAL,Colby Rasmus,LF,1,3000000,3000000.0,0,2018,2017,Colby,Rasmus,458675
,SD,Cole Gillespie,LF,0,0,0.0,0,2018,2017,Cole,Gillespie,502261
,PHI,Collin Cowgill,RF/CF,1,800000,800000.0,0,2018,2017,Collin,Cowgill,518577
,BAL,Corban Joseph,1B,0,0,0.0,0,2018,2017,Corban,Joseph,543377
,BAL,Craig Gentry,LF/RF,1,900000,900000.0,0,2018,2017,Craig,Gentry,502226
,MIA,Cristhian Adames,SS,1,0,0.0,0,2018,2017,Cristhian,Adames,542436
LAD,TOR,Curtis Granderson,LF,1,5000000,5000000.0,1,2018,2017,Curtis,Granderson,434158
,PIT,Daniel Nava,LF,0,0,0.0,0,2018,2017,Daniel,Nava,537953
,ARI,Daniel Robertson,LF,0,0,0.0,0,2018,2017,Daniel,Robertson,621002
,PHI,Danny Espinosa,SS/2B,0,0,0.0,0,2018,2017,Danny,Espinosa,457787
,BAL,Danny Valencia,3B/OF,1,1200000,1200000.0,0,2018,2017,Danny,Valencia,502143
,TEX,Darwin Barney,SS/2B,1,1250000,1250000.0,0,2018,2017,Darwin,Barney,446381
,DET,Derek Norris,C,1,0,0.0,0,2018,2017,Derek,Norris,519083
,LAD,Donovan Solano,2B/SS,1,0,0.0,0,2018,2017,Donovan,Solano,456781
,CLE,Drew Maggi,SS,1,0,0.0,0,2018,2017,Drew,Maggi,543482
,SD,Dusty Coleman,2B,0,0,0.0,0,2018,2017,Dusty,Coleman,543038
BOS,BOS,Eduardo Nunez,3B/SS,2,8000000,4000000.0,1,2018,2017,Eduardo,Nunez,456488
,CHC,Efren Navarro,1B,0,0,0.0,0,2018,2017,Efren,Navarro,519068
,MIL,Emilio Bonifacio,CF,0,0,0.0,0,2018,2017,Emilio,Bonifacio,466988
,MIA,Eric Campbell,1B,0,0,0.0,0,2018,2017,Eric,Campbell,493472
,PHI,Eric Fryer,C,1,0,0.0,0,2018,2017,Eric,Fryer,518700
KC,SD,Eric Hosmer,1B,8,144000000,18000000.0,1,2018,2017,Eric,Hosmer,543333
,MIL,Eric Sogard,3B/SS,0,0,0.0,0,2018,2017,Eric,Sogard,519299
,MIN,Erick Aybar,SS,1,1250000,1250000.0,0,2018,2017,Erick,Aybar,430947
,NYY,Erik Kratz,C,0,0,0.0,0,2018,2017,Erik,Kratz,456124
,SF,Eury Perez,LF,0,0,0.0,0,2018,2017,Eury,Perez,516811
,ATL,Ezequiel Carrera,LF,1,650000,650000.0,0,2018,2017,Ezequiel,Carrera,485567
,LAA,Francisco Arcia,C,0,0,0.0,0,2018,2017,Francisco,Arcia,516472
,STL,Francisco Pena,C,0,0,0.0,0,2018,2017,Francisco,Pena,506747
,SEA,Gordon Beckham,2B,0,0,0.0,0,2018,2017,Gordon,Beckham,493596
,MIN,Gregorio Petit,SS,0,0,0.0,0,2018,2017,Gregorio,Petit,463610
,SF,Grégor Blanco,RF/LF,1,1000000,1000000.0,0,2018,2017,Grégor,Blanco,453923
,TEX,Hanser Alberto,2B,0,0,0.0,0,2018,2017,Hanser,Alberto,593643
,LAD,Henry Ramos,OF,0,0,0.0,0,2018,2017,Henry,Ramos,592656
WSH,WSH,Howie Kendrick,2B/LF,2,7000000,3500000.0,1,2018,2017,Howie,Kendrick,435062
,SF,Héctor Sánchez,C,0,0,0.0,0,2018,2017,Héctor,Sánchez,516949
MIA,SEA,Ichiro Suzuki,LF,1,750000,750000.0,1,2018,2017,Ichiro,Suzuki,400085
,TOR,Ivan Castillo,SS,0,0,0.0,0,2018,2017,Ivan,Castillo,622668
,MIA,J.B. Shuck,LF/CF,0,0,0.0,0,2018,2017,J.B.,Shuck,543776
ARI,BOS,J.D. Martinez,DH/RF,5,110000000,22000000.0,1,2018,2017,J.D.,Martinez,502110
,NYY,Jace Peterson,3B,0,0,0.0,0,2018,2017,Jace,Peterson,607054
,WSH,Jaff Decker,LF,0,0,0.0,0,2018,2017,Jaff,Decker,543094
,CHW,Jake Elmore,LF,0,0,0.0,0,2018,2017,Jake,Elmore,518653
SEA,ARI,Jarrod Dyson,CF,2,7500000,3750000.0,1,2018,2017,Jarrod,Dyson,502481
,DET,Jarrod Saltalamacchia,C,1,650000,650000.0,0,2018,2017,Jarrod,Saltalamacchia,457454
CLE,NYM,Jay Bruce,RF/RF,3,39000000,13000000.0,1,2018,2017,Jay,Bruce,457803
,SEA,Jayson Werth,LF,0,0,0.0,0,2018,2017,Jayson,Werth,150029
,MIN,Jermaine Curtis,3B,1,0,0.0,0,2018,2017,Jermaine,Curtis,543079
,DET,Jim Adduci,CF,0,0,0.0,0,2018,2017,Jim,Adduci,110073
,NYM,Joey Terdoslavich,LF,0,0,0.0,0,2018,2017,Joey,Terdoslavich,519345
,CHW,Johnny Giavotella,2B,0,0,0.0,0,2018,2017,Johnny,Giavotella,543213
CHC,KC,Jon Jay,RF,1,3000000,3000000.0,1,2018,2017,Jon,Jay,445055
COL,OAK,Jonathan Lucroy,C,1,6500000,6500000.0,1,2018,2017,Jonathan,Lucroy,518960
,MIN,Jordan Pacheco,3B/1B,1,0,0.0,0,2018,2017,Jordan,Pacheco,457574
,SF,Jordan Schafer,CF,0,0,0.0,0,2018,2017,Jordan,Schafer,457788
,NYM,Jose Brizuela,3B,0,0,0.0,0,2018,2017,Jose,Brizuela,
,NYM,Jose Lobaton,C,1,1250000,1250000.0,0,2018,2017,Jose,Lobaton,446653
,LAA,Jose Miguel Fernandez,1B,0,0,0.0,0,2018,2017,Jose,Miguel Fernandez,628336
NYM,NYM,Jose Reyes,SS/2B,1,2000000,2000000.0,1,2018,2017,Jose,Reyes,408314
,DET,Josh Thole,C,0,0,0.0,0,2018,2017,Josh,Thole,489365
,BAL,Josue Herrera,3B,0,0,0.0,0,2018,2017,Josue,Herrera,
ATL,NYM,José Bautista,RF/3B,1,545000,545000.0,1,2018,2017,José,Bautista,110713
,MIN,Juan Graterol,C,0,0,0.0,0,2018,2017,Juan,Graterol,492802
,HOU,Juan Ramirez,OF,0,0,0.0,0,2018,2017,Juan,Ramirez,
,CHC,Juan Vasquez,C,0,0,0.0,0,2018,2017,Juan,Vasquez,
,SEA,Junior Lake,LF/CF,1,0,0.0,0,2018,2017,Junior,Lake,516809
,DET,Kade Scivicque,C,0,0,0.0,0,2018,2017,Kade,Scivicque,
,ARI,Kelly Dugan,LF,0,0,0.0,0,2018,2017,Kelly,Dugan,
,DET,Kenny Wilson,CF,0,0,0.0,0,2018,2017,Kenny,Wilson,
,ARI,Kris Negrón,RF,0,0,0.0,0,2018,2017,Kris,Negrón,
,BAL,L.J. Hoes,CF,0,0,0.0,0,2018,2017,L.J.,Hoes,543321
,ATL,Lane Adams,LF,0,0,0.0,0,2018,2017,Lane,Adams,572669
CHC,DET,Leonys Martin,CF,1,1750000,1750000.0,1,2018,2017,Leonys,Martin,547982
,NYM,Levi Michael,2B,0,0,0.0,0,2018,2017,Levi,Michael,
TB,MIN,Logan Morrison,DH,1,6500000,6500000.0,1,2018,2017,Logan,Morrison,489149
KC,MIL,Lorenzo Cain,CF,5,80000000,16000000.0,1,2018,2017,Lorenzo,Cain,456715
TB,KC,Lucas Duda,1B,1,3500000,3500000.0,1,2018,2017,Lucas,Duda,446263
,KC,Luis Hernández,2B,0,0,0.0,0,2018,2017,Luis,Hernández,434682
,BAL,Luis Santana,C,0,0,0.0,0,2018,2017,Luis,Santana,
,BAL,Luis Sardiñas,SS,1,0,0.0,0,2018,2017,Luis,Sardiñas,596143
,ATL,Marcos Almonte,SS,0,0,0.0,0,2018,2017,Marcos,Almonte,
,WSH,Mark Reynolds,3B/1B,0,0,0.0,0,2018,2017,Mark,Reynolds,448602
,SF,Martin Červenka,C,0,0,0.0,0,2018,2017,Martin,Červenka,
,CIN,Mason Williams,LF,0,0,0.0,0,2018,2017,Mason,Williams,592863
ATL,WSH,Matt Adams,1B,1,4000000,4000000.0,1,2018,2017,Matt,Adams,571431
,COL,Matt Holliday,OF,0,0,0.0,0,2018,2017,Matt,Holliday,407812
,PHI,Matt McBride,C,0,0,0.0,0,2018,2017,Matt,McBride,473724
,CHW,Matt Skole,3B,1,0,0.0,0,2018,2017,Matt,Skole,605474
,NYM,Matt den Dekker,CF,0,0,0.0,0,2018,2017,Matt,den Dekker,544925
,CLE,Melky Cabrera,LF,0,0,0.0,0,2018,2017,Melky,Cabrera,466320
,WSH,Michael Almanzar,3B,0,0,0.0,0,2018,2017,Michael,Almanzar,
,CLE,Michael Martínez,2B,1,0,0.0,0,2018,2017,Michael,Martínez,492841
,TEX,Michael Ohlman,C,1,0,0.0,0,2018,2017,Michael,Ohlman,
,CHW,Michael Saunders,LF,1,545000,545000.0,0,2018,2017,Michael,Saunders,459431
,WSH,Miguel Montero,C,1,1300000,1300000.0,0,2018,2017,Miguel,Montero,471083
,CHC,Mike Freeman,2B,0,0,0.0,0,2018,2017,Mike,Freeman,502273
KC,KC,Mike Moustakas,3B,1,6500000,6500000.0,1,2018,2017,Mike,Moustakas,519058
,CLE,Mike Napoli,1B/DH,1,1750000,1750000.0,0,2018,2017,Mike,Napoli,435063
,BOS,Mike Olt,3B,1,0,0.0,0,2018,2017,Mike,Olt,592609
,LAA,Mitch Ghelfi,C,0,0,0.0,0,2018,2017,Mitch,Ghelfi,
BOS,BOS,Mitch Moreland,1B/DH,2,13000000,6500000.0,1,2018,2017,Mitch,Moreland,519048
,WSH,Moises Sierra,RF,0,0,0.0,0,2018,2017,Moises,Sierra,501213
MIL,NYY,Neil Walker,2B,1,4000000,4000000.0,1,2018,2017,Neil,Walker,435522
,MIN,Nick Buss,LF,0,0,0.0,0,2018,2017,Nick,Buss,502544
,MIL,Nick Franklin,LF/2B,0,0,0.0,0,2018,2017,Nick,Franklin,545338
SF,SF,Nick Hundley,C,1,2500000,2500000.0,1,2018,2017,Nick,Hundley,460026
,OAK,Nick Martini,DH,0,0,0.0,0,2018,2017,Nick,Martini,605361
,TEX,Nick Noonan,2B,0,0,0.0,0,2018,2017,Nick,Noonan,519082
,DET,Niko Goodrum,2B,0,0,0.0,0,2018,2017,Niko,Goodrum,592348
,NYM,Patrick Kivlehan,RF,0,0,0.0,0,2018,2017,Patrick,Kivlehan,623182
,BAL,Pedro Alvarez,1B,1,1000000,1000000.0,0,2018,2017,Pedro,Alvarez,476883
,PHI,Pedro Florimón,SS,0,0,0.0,0,2018,2017,Pedro,Florimón,465753
,TOR,Pedro Ventura,SS,0,0,0.0,0,2018,2017,Pedro,Ventura,
,DET,Pete Kozma,SS/2B,0,0,0.0,0,2018,2017,Pete,Kozma,518902
,SF,Peter Bourjos,RF,0,0,0.0,0,2018,2017,Peter,Bourjos,488721
,CIN,Philip Gosselin,2B,0,0,0.0,0,2018,2017,Philip,Gosselin,594838
,NYY,Quintin Berry,LF,0,0,0.0,0,2018,2017,Quintin,Berry,450641
,WSH,Rafael Bautista,OF,0,0,0.0,0,2018,2017,Rafael,Bautista,622441
,SD,Raffy Lopez,C,0,0,0.0,0,2018,2017,Raffy,Lopez,
,CLE,Rajai Davis,CF,1,1750000,1750000.0,0,2018,2017,Rajai,Davis,434658
,ARI,Ramon Flores,CF,1,0,0.0,0,2018,2017,Ramon,Flores,570717
,WSH,Reid Brignac,3B,0,0,0.0,0,2018,2017,Reid,Brignac,458582
CHC,LAA,René Rivera,C,1,2800000,2800000.0,1,2018,2017,René,Rivera,425784
,MIL,Richie Shaffer,3B,0,0,0.0,0,2018,2017,Richie,Shaffer,572128
,ATL,Rob Brantly,C,0,0,0.0,0,2018,2017,Rob,Brantly,542963
,LAD,Rocky Gale,C,0,0,0.0,0,2018,2017,Rocky,Gale,502570
,DET,Ronny Rodriguez,2B,0,0,0.0,0,2018,2017,Ronny,Rodriguez,500135
,CIN,Rosell Herrera,RF,1,0,0.0,0,2018,2017,Rosell,Herrera,594011
,BAL,Ruben Tejada,SS,0,0,0.0,0,2018,2017,Ruben,Tejada,514913
,CHC,Ryan Court,1B,0,0,0.0,0,2018,2017,Ryan,Court,606956
,PHI,Ryan Flaherty,3B/2B,1,1900000,1900000.0,0,2018,2017,Ryan,Flaherty,475247
,STL,Ryan Goins,2B,0,0,0.0,0,2018,2017,Ryan,Goins,572365
,SF,Ryan Hanigan,C,0,0,0.0,0,2018,2017,Ryan,Hanigan,452672
,MIN,Ryan LaMarre,LF,0,0,0.0,0,2018,2017,Ryan,LaMarre,534606
,PIT,Ryan Lavarnway,C,0,0,0.0,0,2018,2017,Ryan,Lavarnway,543432
,MIL,Rymer Liriano,RF,0,0,0.0,0,2018,2017,Rymer,Liriano,542642
,MIA,Scott Van Slyke,LF,1,1200000,1200000.0,0,2018,2017,Scott,Van Slyke,475100
,NYY,Shane Robinson,CF,1,950000,950000.0,0,2018,2017,Shane,Robinson,453203
,MIA,Skyler Ewing,1B,0,0,0.0,0,2018,2017,Skyler,Ewing,
,OAK,Slade Heathcott,LF,0,0,0.0,0,2018,2017,Slade,Heathcott,571761
,STL,Steve Baron,C,0,0,0.0,0,2018,2017,Steve,Baron,
,OAK,Steve Lombardozzi,2B/3B,0,0,0.0,0,2018,2017,Steve,Lombardozzi,543459
,CHC,Taylor Davis,C,0,0,0.0,0,2018,2017,Taylor,Davis,543089
,CIN,Taylor Featherston,2B,0,0,0.0,0,2018,2017,Taylor,Featherston,605227
,KC,Terrance Gore,CF,0,0,0.0,0,2018,2017,Terrance,Gore,605253
,HOU,Tim Federowicz,C,0,0,0.0,0,2018,2017,Tim,Federowicz,543148
NYY,NYM,Todd Frazier,3B,2,17000000,8500000.0,1,2018,2017,Todd,Frazier,453943
,CIN,Tony Cruz,C,0,0,0.0,0,2018,2017,Tony,Cruz,488810
,BOS,Tony Renda,2B,0,0,0.0,0,2018,2017,Tony,Renda,573113
,CIN,Tony Sanchez,C,0,0,0.0,0,2018,2017,Tony,Sanchez,506997
,PHI,Trevor Plouffe,3B/2B,1,1500000,1500000.0,0,2018,2017,Trevor,Plouffe,461858
,WSH,Tuffy Gosewisch,C,0,0,0.0,0,2018,2017,Tuffy,Gosewisch,488912
,NYM,Ty Kelly,3B/LF,0,0,0.0,0,2018,2017,Ty,Kelly,571841
,LAD,Tyler Goeddel,RF,0,0,0.0,0,2018,2017,Tyler,Goeddel,595963
,OAK,Viosergy Rosa,1B,0,0,0.0,0,2018,2017,Viosergy,Rosa,
,SF,Wander Franco,SS,0,0,0.0,0,2018,2017,Wander,Franco,677551
BAL,CHW,Welington Castillo,C,2,15000000,7500000.0,1,2018,2017,Welington,Castillo,456078
,NYY,Wilkin Castillo,C,0,0,0.0,0,2018,2017,Wilkin,Castillo,446868
,PHI,Will Middlebrooks,3B,1,1200000,1200000.0,0,2018,2017,Will,Middlebrooks,519025
,MIN,Willians Astudillo,C,0,0,0.0,0,2018,2017,Willians,Astudillo,553902
,MIN,Wynston Sawyer,C,0,0,0.0,0,2018,2017,Wynston,Sawyer,
,CHC,Wynton Bernard,LF,0,0,0.0,0,2018,2017,Wynton,Bernard,592144
,MIA,Yadiel Rivera,2B,0,0,0.0,0,2018,2017,Yadiel,Rivera,592680
SEA,CLE,Yonder Alonso,1B,2,16000000,8000000.0,1,2018,2017,Yonder,Alonso,475174
,NYM,Zach Borenstein,LF,1,0,0.0,0,2018,2017,Zach,Borenstein,
CIN,LAA,Zack Cozart,3B,3,38000000,12666667.0,1,2018,2017,Zack,Cozart,446359
,BOS,Óscar Hernández,C,0,0,0.0,0,2018,2017,Óscar,Hernández,591712
ARI,LAD,A.J. Pollock,LF,5,60000000,12000000.0,1,2019,2018,A.J.,Pollock,572041
,ARI,Abraham Almonte,CF,0,0,0.0,0,2019,2018,Abraham,Almonte,501659
BAL,ARI,Adam Jones,CF,1,3000000,3000000.0,1,2019,2018,Adam,Jones,430945
,TEX,Adam Moore,C,1,600000,600000.0,0,2019,2018,Adam,Moore,446192
,MIN,Adam Rosales,2B/SS/3B,1,1000000,1000000.0,0,2019,2018,Adam,Rosales,489267
,NYM,Adeiny Hechavarria,SS,1,3000000,3000000.0,0,2019,2018,Adeiny,Hechavarria,588751
,CHW,Alcides Escobar,SS,0,0,0.0,0,2019,2018,Alcides,Escobar,444876
,SD,Allen Craig,RF/1B,0,0,0.0,0,2019,2018,Allen,Craig,501800
,ATL,Andres Blanco,3B,1,850000,850000.0,0,2019,2018,Andres,Blanco,433217
NYY,PHI,Andrew McCutchen,RF/RF,3,50000000,16666667.0,1,2019,2018,Andrew,McCutchen,457705
,PHI,Andrew Romine,SS,0,0,0.0,0,2019,2018,Andrew,Romine,461865
,TOR,Andy Burns,3B,0,0,0.0,0,2019,2018,Andy,Burns,542992
,KC,Angel Franco,2B,0,0,0.0,0,2019,2018,Angel,Franco,
,SF,Anthony Garcia,LF,0,0,0.0,0,2019,2018,Anthony,Garcia,571685
,NYM,Arismendy Alcantara,CF,0,0,0.0,0,2019,2018,Arismendy,Alcantara,570489
,CIN,Aristides Aquino,RF,0,0,0.0,0,2019,2018,Aristides,Aquino,606157
PHI,TEX,Asdrubal Cabrera,2B,1,3500000,3500000.0,1,2019,2018,Asdrubal,Cabrera,452678
CHW,TB,Avisaíl García,RF,1,3500000,3500000.0,1,2019,2018,Avisaíl,García,541645
,OAK,Beau Taylor,C,0,0,0.0,0,2019,2018,Beau,Taylor,607333
,TEX,Ben Revere,CF,1,1000000,1000000.0,0,2019,2018,Ben,Revere,519184
CIN,KC,Billy Hamilton,CF,1,5250000,5250000.0,1,2019,2018,Billy,Hamilton,571740
,DET,Bobby Wilson,C,0,0,0.0,0,2019,2018,Bobby,Wilson,435064
,SD,Boog Powell,CF,0,0,0.0,0,2019,2018,Boog,Powell,120719
LAD,CLE,Brad Miller,LF/2B,1,1000000,1000000.0,1,2019,2018,Brad,Miller,543543
,CHW,Brandon Guyer,LF,1,1600000,1600000.0,0,2019,2018,Brandon,Guyer,446386
,WSH,Brandon Snyder,3B,0,0,0.0,0,2019,2018,Brandon,Snyder,474319
,MIL,Brett Lawrie,2B/3B,1,1000000,1000000.0,0,2019,2018,Brett,Lawrie,543434
,CHW,Brett Nicholas,C,0,0,0.0,0,2019,2018,Brett,Nicholas,592592
LAD,WSH,Brian Dozier,2B,1,9000000,9000000.0,1,2019,2018,Brian,Dozier,572821
HOU,ATL,Brian McCann,C,1,2000000,2000000.0,1,2019,2018,Brian,McCann,435263
,MIA,Bryan Holaday,C,1,1250000,1250000.0,0,2019,2018,Bryan,Holaday,592407
,CIN,Bryant Flete,2B,0,0,0.0,0,2019,2018,Bryant,Flete,
WSH,PHI,Bryce Harper,RF/RF,13,330000000,25384615.0,1,2019,2018,Bryce,Harper,547180
,KC,Bubba Starling,CF,0,0,0.0,0,2019,2018,Bubba,Starling,605490
BAL,ARI,Caleb Joseph,C,1,1100000,1100000.0,1,2019,2018,Caleb,Joseph,543376
,CLE,Cameron Maybin,RF,0,0,0.0,0,2019,2018,Cameron,Maybin,457727
,LAD,Cameron Perkins,RF,0,0,0.0,0,2019,2018,Cameron,Perkins,573088
,OAK,Cameron Rupp,C,0,0,0.0,0,2019,2018,Cameron,Rupp,519237
,ARI,Carlos Asuaje,2B,0,0,0.0,0,2019,2018,Carlos,Asuaje,641319
,NYM,Carlos Gomez,RF,0,0,0.0,0,2019,2018,Carlos,Gomez,460576
,CHC,Carlos Gonzalez,RF,0,0,0.0,0,2019,2018,Carlos,Gonzalez,471865
,BAL,Carlos Pérez,C,1,650000,650000.0,0,2019,2018,Carlos,Pérez,542208
,LAA,Cesar Puello,RF,0,0,0.0,0,2019,2018,Cesar,Puello,527049
,KC,Chase d'Arnaud,3B/LF,0,0,0.0,0,2019,2018,Chase,d'Arnaud,488818
HOU,OAK,Chris Herrmann,C,1,1000000,1000000.0,1,2019,2018,Chris,Herrmann,543302
,CHW,Chris Johnson,3B/1B,0,0,0.0,0,2019,2018,Chris,Johnson,453400
ARI,KC,Chris Owings,SS,1,3000000,3000000.0,1,2019,2018,Chris,Owings,572008
,SD,Chris Stewart,C,0,0,0.0,0,2019,2018,Chris,Stewart,455755
,CIN,Christian Colon,2B,0,0,0.0,0,2019,2018,Christian,Colon,518568
,NYY,Cliff Pennington,SS,0,0,0.0,0,2019,2018,Cliff,Pennington,460060
,LAD,Cody Asche,LF,0,0,0.0,0,2019,2018,Cody,Asche,605125
,WSH,Collin Cowgill,RF/CF,0,0,0.0,0,2019,2018,Collin,Cowgill,518577
,OAK,Corban Joseph,1B,0,0,0.0,0,2019,2018,Corban,Joseph,543377
SD,MIL,Cory Spangenberg,2B,1,1200000,1200000.0,1,2019,2018,Cory,Spangenberg,605486
,COL,Craig Gentry,LF/RF,0,0,0.0,0,2019,2018,Craig,Gentry,502226
,SF,Cristhian Adames,SS,0,0,0.0,0,2019,2018,Cristhian,Adames,542436
,MIA,Curtis Granderson,LF,1,1750000,1750000.0,0,2019,2018,Curtis,Granderson,434158
COL,NYY,D.J. LeMahieu,2B/DH,2,24000000,12000000.0,1,2019,2018,D.J.,LeMahieu,
ARI,CHC,Daniel Descalso,2B/LF,2,5000000,2500000.0,1,2019,2018,Daniel,Descalso,518614
,OAK,Daniel Gamache,3B,0,0,0.0,0,2019,2018,Daniel,Gamache,
CHC,COL,Daniel Murphy,1B,2,24000000,12000000.0,1,2019,2018,Daniel,Murphy,502517
,NYM,Danny Espinosa,SS/2B,0,0,0.0,0,2019,2018,Danny,Espinosa,457787
,CIN,Derek Dietrich,2B/LF,1,2000000,2000000.0,0,2019,2018,Derek,Dietrich,518618
,KC,Derrick Robinson,CF,0,0,0.0,0,2019,2018,Derrick,Robinson,501961
,MIA,Deven Marrero,SS,0,0,0.0,0,2019,2018,Deven,Marrero,571918
,NYM,Devin Mesoraco,C,1,1750000,1750000.0,0,2019,2018,Devin,Mesoraco,519023
,NYM,Dilson Herrera,2B,0,0,0.0,0,2019,2018,Dilson,Herrera,599096
,CLE,Dioner Navarro,C,0,0,0.0,0,2019,2018,Dioner,Navarro,425900
,CHC,Dixon Machado,2B,0,0,0.0,0,2019,2018,Dixon,Machado,553988
,SF,Donovan Solano,2B/SS,0,0,0.0,0,2019,2018,Donovan,Solano,456781
,COL,Drew Butera,C,0,0,0.0,0,2019,2018,Drew,Butera,460077
,CLE,Drew Stankiewicz,2B,0,0,0.0,0,2019,2018,Drew,Stankiewicz,
,SEA,Dustin Ackley,2B,0,0,0.0,0,2019,2018,Dustin,Ackley,554429
,LAA,Dustin Garneau,C,0,0,0.0,0,2019,2018,Dustin,Garneau,572863
,TB,Dylan Cozens,OF,0,0,0.0,0,2019,2018,Dylan,Cozens,622226
,BAL,Edison Lantigua,OF,0,0,0.0,0,2019,2018,Edison,Lantigua,
,TB,Emilio Bonifacio,CF,0,0,0.0,0,2019,2018,Emilio,Bonifacio,466988
,OAK,Eric Campbell,1B,0,0,0.0,0,2019,2018,Eric,Campbell,493472
,TOR,Eric Sogard,3B/SS,0,0,0.0,0,2019,2018,Eric,Sogard,519299
,SEA,Eric Young Jr.,CF,0,0,0.0,0,2019,2018,Eric,Young Jr.,458913
,LAA,Erick Salcedo,SS,0,0,0.0,0,2019,2018,Erick,Salcedo,
,NYY,Erik Kratz,C,0,0,0.0,0,2019,2018,Erik,Kratz,456124
,LAD,Ezequiel Carrera,LF,0,0,0.0,0,2019,2018,Ezequiel,Carrera,485567
,NYY,Francisco Arcia,C,0,0,0.0,0,2019,2018,Francisco,Arcia,516472
PIT,ATL,Francisco Cervelli,C,1,555000,555000.0,1,2019,2018,Francisco,Cervelli,465041
,STL,Francisco Pena,C,1,675000,675000.0,0,2019,2018,Francisco,Pena,506747
,DET,Frank Schwindel,1B,0,0,0.0,0,2019,2018,Frank,Schwindel,643524
SD,TOR,Freddy Galvis,SS,1,5000000,5000000.0,1,2019,2018,Freddy,Galvis,520471
,MIA,Gabby Guerrero,LF,1,0,0.0,0,2019,2018,Gabby,Guerrero,
,TOR,Geraldo Santana,OF,0,0,0.0,0,2019,2018,Geraldo,Santana,
,SF,Gerardo Parra,RF,1,1750000,1750000.0,0,2019,2018,Gerardo,Parra,467827
,PHI,Gift Ngoepe,SS,0,0,0.0,0,2019,2018,Gift,Ngoepe,547912
,DET,Gordon Beckham,2B,1,700000,700000.0,0,2019,2018,Gordon,Beckham,493596
,BOS,Gorkys Hernández,LF/CF,1,1000000,1000000.0,0,2019,2018,Gorkys,Hernández,491676
,PHI,Gregorio Petit,SS,0,0,0.0,0,2019,2018,Gregorio,Petit,463610
,NYM,Grégor Blanco,RF/LF,0,0,0.0,0,2019,2018,Grégor,Blanco,453923
,SF,Hamlet Marte,C,0,0,0.0,0,2019,2018,Hamlet,Marte,
,CLE,Hanley Ramirez,1B/DH,1,1000000,1000000.0,0,2019,2018,Hanley,Ramirez,434670
,DET,Harold Castro,3B,0,0,0.0,0,2019,2018,Harold,Castro,605612
,SF,Henry Ramos,OF,0,0,0.0,0,2019,2018,Henry,Ramos,592656
,TEX,Hunter Pence,RF,1,2000000,2000000.0,0,2019,2018,Hunter,Pence,452254
,DET,Héctor Sánchez,C,0,0,0.0,0,2019,2018,Héctor,Sánchez,516949
BOS,SD,Ian Kinsler,2B,2,8000000,4000000.0,1,2019,2018,Ian,Kinsler,435079
,SEA,Ichiro Suzuki,LF,1,750000,750000.0,0,2019,2018,Ichiro,Suzuki,400085
,SD,Ivan Castillo,SS,0,0,0.0,0,2019,2018,Ivan,Castillo,622668
,TB,Izzy Wilson,OF,0,0,0.0,0,2019,2018,Izzy,Wilson,
,PIT,J.B. Shuck,LF/CF,1,700000,700000.0,0,2019,2018,J.B.,Shuck,543776
,BAL,Jace Peterson,3B,0,0,0.0,0,2019,2018,Jace,Peterson,607054
,WSH,Jake Lowery,C,0,0,0.0,0,2019,2018,Jake,Lowery,
,TB,Jake Smolinski,CF,0,0,0.0,0,2019,2018,Jake,Smolinski,519295
DET,CHW,James McCann,C,1,2500000,2500000.0,1,2019,2018,James,McCann,543510
,LAA,Jarrett Parker,LF,1,0,0.0,0,2019,2018,Jarrett,Parker,592620
,SEA,Jaycob Brugman,OF,0,0,0.0,0,2019,2018,Jaycob,Brugman,595144
OAK,NYM,Jed Lowrie,2B,2,20000000,10000000.0,1,2019,2018,Jed,Lowrie,476704
ARI,TEX,Jeff Mathis,C,2,6250000,3125000.0,1,2019,2018,Jeff,Mathis,425772
,SF,Jeffrey Baez,RF,0,0,0.0,0,2019,2018,Jeffrey,Baez,
,BAL,Jesmuel Valentín,3B,0,0,0.0,0,2019,2018,Jesmuel,Valentín,621044
,BAL,Jesús Sucre,C,1,850000,850000.0,0,2019,2018,Jesús,Sucre,491696
,TEX,Jett Bandy,C,1,0,0.0,0,2019,2018,Jett,Bandy,542908
,CHC,Jim Adduci,CF,0,0,0.0,0,2019,2018,Jim,Adduci,110073
,STL,Joe Hudson,C,0,0,0.0,0,2019,2018,Joe,Hudson,116265
SF,NYM,Joe Panik,2B,1,555000,555000.0,1,2019,2018,Joe,Panik,605412
ARI,CHW,Jon Jay,RF,1,4000000,4000000.0,1,2019,2018,Jon,Jay,445055
OAK,LAA,Jonathan Lucroy,C,1,3350000,3350000.0,1,2019,2018,Jonathan,Lucroy,518960
MIL,MIN,Jonathan Schoop,2B/SS,1,7500000,7500000.0,1,2019,2018,Jonathan,Schoop,570731
,KC,Jordan George,1B,0,0,0.0,0,2019,2018,Jordan,George,
,SEA,Jordan Pacheco,3B/1B,0,0,0.0,0,2019,2018,Jordan,Pacheco,457574
,MIN,Jordany Valdespin,2B/CF,0,0,0.0,0,2019,2018,Jordany,Valdespin,518170
PIT,DET,Jordy Mercer,SS,1,5250000,5250000.0,1,2019,2018,Jordy,Mercer,474568
,NYY,Jorge Saez,C,0,0,0.0,0,2019,2018,Jorge,Saez,
,CIN,Jose Iglesias,SS,1,2500000,2500000.0,0,2019,2018,Jose,Iglesias,578428
,SEA,Jose Lobaton,C,1,1000000,1000000.0,0,2019,2018,Jose,Lobaton,446653
CLE,ATL,Josh Donaldson,3B,1,23000000,23000000.0,1,2019,2018,Josh,Donaldson,518626
PIT,DET,Josh Harrison,2B/SS,1,2000000,2000000.0,1,2019,2018,Josh,Harrison,543281
,LAD,Josh Thole,C,1,600000,600000.0,0,2019,2018,Josh,Thole,489365
,BOS,Juan Centeno,C,0,0,0.0,0,2019,2018,Juan,Centeno,518542
,CIN,Juan Graterol,C,0,0,0.0,0,2019,2018,Juan,Graterol,492802
,SEA,Julio De La Cruz,SS,0,0,0.0,0,2019,2018,Julio,De La Cruz,
PHI,LAA,Justin Bour,1B,1,2500000,2500000.0,1,2019,2018,Justin,Bour,571506
,DET,Kade Scivicque,C,0,0,0.0,0,2019,2018,Kade,Scivicque,
,SEA,Kelby Tomlinson,2B,0,0,0.0,0,2019,2018,Kelby,Tomlinson,605509
,DET,Kody Eaves,2B,1,0,0.0,0,2019,2018,Kody,Eaves,
ATL,WSH,Kurt Suzuki,C,2,10000000,5000000.0,1,2019,2018,Kurt,Suzuki,435559
,ATL,Lane Adams,LF,0,0,0.0,0,2019,2018,Lane,Adams,572669
,SF,Levi Michael,2B,0,0,0.0,0,2019,2018,Levi,Michael,
,TEX,Logan Forsythe,2B/3B,1,2000000,2000000.0,0,2019,2018,Logan,Forsythe,523253
,PHI,Logan Morrison,DH,0,0,0.0,0,2019,2018,Logan,Morrison,489149
CLE,PIT,Lonnie Chisenhall,RF,1,2750000,2750000.0,1,2019,2018,Lonnie,Chisenhall,502082
,KC,Lucas Duda,1B,1,1250000,1250000.0,0,2019,2018,Lucas,Duda,446263
,TEX,Luis Asuncion,OF,0,0,0.0,0,2019,2018,Luis,Asuncion,
,KC,Luis Hernández,2B,0,0,0.0,0,2019,2018,Luis,Hernández,434682
,WSH,Luis Sardiñas,SS,0,0,0.0,0,2019,2018,Luis,Sardiñas,596143
,SEA,Mac Williamson,RF,0,0,0.0,0,2019,2018,Mac,Williamson,607776
LAD,SD,Manny Machado,3B/SS,10,300000000,30000000.0,1,2019,2018,Manny,Machado,592518
,COL,Mark Reynolds,3B/1B,1,1000000,1000000.0,0,2019,2018,Mark,Reynolds,448602
HOU,KC,Martin Maldonado,C,1,2500000,2500000.0,1,2019,2018,Martin,Maldonado,455117
HOU,MIN,Marwin Gonzalez,3B,2,21000000,10500000.0,1,2019,2018,Marwin,Gonzalez,503556
,BAL,Mason Williams,LF,0,0,0.0,0,2019,2018,Mason,Williams,592863
STL,WSH,Matt Adams,1B,1,4000000,4000000.0,1,2019,2018,Matt,Adams,571431
,TEX,Matt Davidson,DH,0,0,0.0,0,2019,2018,Matt,Davidson,571602
,SF,Matt Joyce,LF,1,1000000,1000000.0,0,2019,2018,Matt,Joyce,459964
,NYM,Matt Kemp,LF,0,0,0.0,0,2019,2018,Matt,Kemp,461314
,PHI,Matt McBride,C,1,0,0.0,0,2019,2018,Matt,McBride,473724
,CHW,Matt Skole,3B,1,0,0.0,0,2019,2018,Matt,Skole,605474
,ARI,Matt Szczur,CF,1,950000,950000.0,0,2019,2018,Matt,Szczur,519333
,STL,Matt Wieters,C,1,1500000,1500000.0,0,2019,2018,Matt,Wieters,446308
,CHW,Matthew Mercedes,3B,0,0,0.0,0,2019,2018,Matthew,Mercedes,
,PIT,Melky Cabrera,LF,1,1150000,1150000.0,0,2019,2018,Melky,Cabrera,466320
CLE,HOU,Michael Brantley,LF,2,32000000,16000000.0,1,2019,2018,Michael,Brantley,488726
,CIN,Michael O'Neill,OF,0,0,0.0,0,2019,2018,Michael,O'Neill,
,COL,Michael Saunders,LF,0,0,0.0,0,2019,2018,Michael,Saunders,459431
,CLE,Mike Freeman,2B,0,0,0.0,0,2019,2018,Mike,Freeman,502273
MIL,MIL,Mike Moustakas,3B,1,10000000,10000000.0,1,2019,2018,Mike,Moustakas,519058
,MIN,Mike Olt,3B,0,0,0.0,0,2019,2018,Mike,Olt,592609
NYY,MIA,Neil Walker,2B,1,2000000,2000000.0,1,2019,2018,Neil,Walker,435522
SEA,MIN,Nelson Cruz,DH,1,14300000,14300000.0,1,2019,2018,Nelson,Cruz,112906
,CIN,Nick Ciuffo,C,0,0,0.0,0,2019,2018,Nick,Ciuffo,624419
,PIT,Nick Franklin,LF/2B,0,0,0.0,0,2019,2018,Nick,Franklin,545338
,PHI,Nick Hundley,C,0,0,0.0,0,2019,2018,Nick,Hundley,460026
,TEX,Nolan Fontana,SS,0,0,0.0,0,2019,2018,Nolan,Fontana,545337
,WSH,O'Koyea Dickson,LF,0,0,0.0,0,2019,2018,O'Koyea,Dickson,607297
,NYY,Omar Carrizales,OF,0,0,0.0,0,2019,2018,Omar,Carrizales,
,SEA,Orlando Calixte,SS,0,0,0.0,0,2019,2018,Orlando,Calixte,593525
,PIT,Patrick Kivlehan,RF,0,0,0.0,0,2019,2018,Patrick,Kivlehan,623182
,LAD,Paulo Orlando,CF,0,0,0.0,0,2019,2018,Paulo,Orlando,449181
,MIA,Pedro Alvarez,1B,0,0,0.0,0,2019,2018,Pedro,Alvarez,476883
,ATL,Pedro Florimón,SS,0,0,0.0,0,2019,2018,Pedro,Florimón,465753
,DET,Pete Kozma,SS/2B,0,0,0.0,0,2019,2018,Pete,Kozma,518902
,LAA,Peter Bourjos,RF,0,0,0.0,0,2019,2018,Peter,Bourjos,488721
,COL,Peter Mooney,SS,0,0,0.0,0,2019,2018,Peter,Mooney,
,PHI,Philip Gosselin,2B,0,0,0.0,0,2019,2018,Philip,Gosselin,594838
,CHC,Phillip Evans,3B,0,0,0.0,0,2019,2018,Phillip,Evans,595943
,CHW,Preston Tucker,LF,0,0,0.0,0,2019,2018,Preston,Tucker,605512
,ATL,Rafael Ortega,DH/CF,0,0,0.0,0,2019,2018,Rafael,Ortega,542364
,NYM,Rajai Davis,CF,0,0,0.0,0,2019,2018,Rajai,Davis,434658
,MIN,Ramon Flores,CF,0,0,0.0,0,2019,2018,Ramon,Flores,570717
,CHW,Ramon Torres,SS,0,0,0.0,0,2019,2018,Ramon,Torres,
,MIL,Randy Rodriguez,2B,0,0,0.0,0,2019,2018,Randy,Rodriguez,678495
,NYM,René Rivera,C,0,0,0.0,0,2019,2018,René,Rivera,425784
,PHI,Rob Brantly,C,0,0,0.0,0,2019,2018,Rob,Brantly,542963
MIN,OAK,Robbie Grossman,RF,1,2000000,2000000.0,1,2019,2018,Robbie,Grossman,543257
TEX,HOU,Robinson Chirinos,C/1B,1,5750000,5750000.0,1,2019,2018,Robinson,Chirinos,455139
,MIN,Ronald Torreyes,2B,1,800000,800000.0,0,2019,2018,Ronald,Torreyes,591720
,NYM,Ruben Tejada,SS,0,0,0.0,0,2019,2018,Ruben,Tejada,514913
,ATL,Ryan Casteel,C,0,0,0.0,0,2019,2018,Ryan,Casteel,
,SEA,Ryan Court,1B,0,0,0.0,0,2019,2018,Ryan,Court,606956
,CLE,Ryan Flaherty,3B/2B,1,1000000,1000000.0,0,2019,2018,Ryan,Flaherty,475247
,CHW,Ryan Goins,2B,1,975000,975000.0,0,2019,2018,Ryan,Goins,572365
,ATL,Ryan LaMarre,LF,0,0,0.0,0,2019,2018,Ryan,LaMarre,534606
,CLE,Ryan Lavarnway,C,0,0,0.0,0,2019,2018,Ryan,Lavarnway,543432
,NYM,Rymer Liriano,RF,1,600000,600000.0,0,2019,2018,Rymer,Liriano,542642
,CIN,Samir Duenez,1B,0,0,0.0,0,2019,2018,Samir,Duenez,
,PHI,Sean Rodriguez,2B,0,0,0.0,0,2019,2018,Sean,Rodriguez,446481
,SD,Seth Mejias-Brean,3B,0,0,0.0,0,2019,2018,Seth,Mejias-Brean,623180
,PHI,Shane Robinson,CF,0,0,0.0,0,2019,2018,Shane,Robinson,453203
,MIL,Skyler Ewing,1B,0,0,0.0,0,2019,2018,Skyler,Ewing,
,SF,Stephen Vogt,C,0,0,0.0,0,2019,2018,Stephen,Vogt,519390
,PIT,Steve Baron,C,0,0,0.0,0,2019,2018,Steve,Baron,
,WSH,T.J. Rivera,3B,0,0,0.0,0,2019,2018,T.J.,Rivera,608061
,DET,Taylor Motter,SS,0,0,0.0,0,2019,2018,Taylor,Motter,600301
,KC,Terrance Gore,CF,1,650000,650000.0,0,2019,2018,Terrance,Gore,605253
BAL,SEA,Tim Beckham,3B,1,1750000,1750000.0,1,2019,2018,Tim,Beckham,542921
,CLE,Tim Federowicz,C,0,0,0.0,0,2019,2018,Tim,Federowicz,543148
,SEA,Tito Polo,CF,0,0,0.0,0,2019,2018,Tito,Polo,
,BOS,Tommy Joseph,1B,0,0,0.0,0,2019,2018,Tommy,Joseph,571830
,MIN,Tomás Telis,1B,0,0,0.0,0,2019,2018,Tomás,Telis,542513
,BOS,Tony Renda,2B,0,0,0.0,0,2019,2018,Tony,Renda,573113
,TEX,Tony Sanchez,C,0,0,0.0,0,2019,2018,Tony,Sanchez,506997
,ARI,Travis Snider,RF,0,0,0.0,0,2019,2018,Travis,Snider,501983
NYM,LAD,Travis d'Arnaud,C,0,0,0.0,1,2019,2018,Travis,d'Arnaud,518595
,CLE,Trayce Thompson,CF,0,0,0.0,0,2019,2018,Trayce,Thompson,572204
,PIT,Trayvon Robinson,LF,0,0,0.0,0,2019,2018,Trayvon,Robinson,477054
,PHI,Trevor Plouffe,3B/2B,0,0,0.0,0,2019,2018,Trevor,Plouffe,461858
TOR,NYY,Troy Tulowitzki,SS,1,555000,555000.0,1,2019,2018,Troy,Tulowitzki,453064
,MIL,Tuffy Gosewisch,C,0,0,0.0,0,2019,2018,Tuffy,Gosewisch,488912
,LAA,Ty Kelly,3B/LF,0,0,0.0,0,2019,2018,Ty,Kelly,571841
,MIL,Tyler Austin,1B,0,0,0.0,0,2019,2018,Tyler,Austin,592122
,WSH,Tyler Goeddel,RF,0,0,0.0,0,2019,2018,Tyler,Goeddel,595963
,KC,Tyler Hill,OF,0,0,0.0,0,2019,2018,Tyler,Hill,
,LAA,Wilfredo Tovar,SS,0,0,0.0,0,2019,2018,Wilfredo,Tovar,541600
,MIN,Wilin Rosario,1B,0,0,0.0,0,2019,2018,Wilin,Rosario,501647
,MIA,Wilkin Castillo,C,0,0,0.0,0,2019,2018,Wilkin,Castillo,446868
NYM,ARI,Wilmer Flores,1B,1,4250000,4250000.0,1,2019,2018,Wilmer,Flores,527038
PHI,NYM,Wilson Ramos,C,2,19000000,9500000.0,1,2019,2018,Wilson,Ramos,467092
,ARI,Wyatt Mathisen,3B,0,0,0.0,0,2019,2018,Wyatt,Mathisen,621500
,CHC,Wynton Bernard,LF,0,0,0.0,0,2019,2018,Wynton,Bernard,592144
,MIA,Yangervis Solarte,3B,0,0,0.0,0,2019,2018,Yangervis,Solarte,500208
LAD,MIL,Yasmani Grandal,C,1,18250000,18250000.0,1,2019,2018,Yasmani,Grandal,518735
,COL,Yonder Alonso,1B,0,0,0.0,0,2019,2018,Yonder,Alonso,475174
,CHC,Zach Borenstein,LF,0,0,0.0,0,2019,2018,Zach,Borenstein,
,BOS,Óscar Hernández,C,0,0,0.0,0,2019,2018,Óscar,Hernández,591712
,SD,Abraham Almonte,CF,0,0,0.0,0,2020,2019,Abraham,Almonte,501659
ATL,ATL,Adeiny Hechavarria,SS,1,1000000,1000000.0,1,2020,2019,Adeiny,Hechavarria,588751
,CHC,Alberto Mineo,C,0,0,0.0,0,2020,2019,Alberto,Mineo,
,SEA,Alen Hanson,2B,0,0,0.0,0,2020,2019,Alen,Hanson,593700
ARI,MIN,Alex Avila,C,1,4250000,4250000.0,1,2020,2019,Alex,Avila,488671
KC,KC,Alex Gordon,OF,1,4000000,4000000.0,1,2020,2019,Alex,Gordon,460086
,MIL,Alexander Palma,LF,0,0,0.0,0,2020,2019,Alexander,Palma,
,KC,Allan de San Miguel,C,0,0,0.0,0,2020,2019,Allan,de San Miguel,
,MIL,Andres Blanco,3B,0,0,0.0,0,2020,2019,Andres,Blanco,433217
,TEX,Andrew Romine,SS,0,0,0.0,0,2020,2019,Andrew,Romine,461865
,BAL,Angelo Mora,SS,0,0,0.0,0,2020,2019,Angelo,Mora,
,LAD,Anthony Garcia,LF,0,0,0.0,0,2020,2019,Anthony,Garcia,571685
WSH,LAA,Anthony Rendon,3B,7,245000000,35000000.0,1,2020,2019,Anthony,Rendon,543685
WSH,WSH,Asdrubal Cabrera,2B,1,2500000,2500000.0,1,2020,2019,Asdrubal,Cabrera,452678
NYY,DET,Austin Romine,C,1,4150000,4150000.0,1,2020,2019,Austin,Romine,519222
TB,MIL,Avisaíl García,RF,2,20000000,10000000.0,1,2020,2019,Avisaíl,García,541645
,CLE,Beau Taylor,C,0,0,0.0,0,2020,2019,Beau,Taylor,607333
,SF,Billy Hamilton,CF,0,0,0.0,0,2020,2019,Billy,Hamilton,571740
,TEX,Blake Swihart,C,0,0,0.0,0,2020,2019,Blake,Swihart,596119
,CIN,Boog Powell,CF,0,0,0.0,0,2020,2019,Boog,Powell,120719
PHI,STL,Brad Miller,LF/2B,1,2000000,2000000.0,1,2020,2019,Brad,Miller,543543
,SF,Brandon Guyer,LF,1,1000000,1000000.0,0,2020,2019,Brandon,Guyer,446386
,WSH,Brandon Snyder,3B,0,0,0.0,0,2020,2019,Brandon,Snyder,474319
NYY,NYY,Brett Gardner,LF/CF,1,12500000,12500000.0,1,2020,2019,Brett,Gardner,458731
,NYM,Brian Dozier,2B,0,0,0.0,0,2020,2019,Brian,Dozier,572821
,MIA,Brian Navarreto,C,0,0,0.0,0,2020,2019,Brian,Navarreto,640459
BOS,MIL,Brock Holt,2B,1,3250000,3250000.0,1,2020,2019,Brock,Holt,571788
,BAL,Bryan Holaday,C,0,0,0.0,0,2020,2019,Bryan,Holaday,592407
MIN,DET,C.J. Cron,1B,1,6100000,6100000.0,1,2020,2019,C.J.,Cron,543068
,TOR,Caleb Joseph,C,0,0,0.0,0,2020,2019,Caleb,Joseph,543376
,MIN,Calten Daal,SS,0,0,0.0,0,2020,2019,Calten,Daal,
NYY,DET,Cameron Maybin,RF,1,1500000,1500000.0,1,2020,2019,Cameron,Maybin,457727
,CHC,Carlos Asuaje,2B,0,0,0.0,0,2020,2019,Carlos,Asuaje,641319
,SEA,Carlos Gonzalez,RF,0,0,0.0,0,2020,2019,Carlos,Gonzalez,471865
,OAK,Carlos Pérez,C,0,0,0.0,0,2020,2019,Carlos,Pérez,542208
,WSH,Carlos Tocci,LF,0,0,0.0,0,2020,2019,Carlos,Tocci,624636
,SF,Chadwick Tromp,C,0,0,0.0,0,2020,2019,Chadwick,Tromp,644433
,ATL,Charlie Culberson,3B,1,1000000,1000000.0,0,2020,2019,Charlie,Culberson,518586
,PIT,Charlie Tilson,CF,0,0,0.0,0,2020,2019,Charlie,Tilson,605508
,CHW,Cheslor Cuthbert,3B/DH,0,0,0.0,0,2020,2019,Cheslor,Cuthbert,596144
,SF,Chris Herrmann,C,0,0,0.0,0,2020,2019,Chris,Herrmann,543302
,NYY,Chris Iannetta,C,0,0,0.0,0,2020,2019,Chris,Iannetta,455104
,COL,Chris Owings,SS,1,1000000,1000000.0,0,2020,2019,Chris,Owings,572008
,PHI,Christian Bethancourt,C,0,0,0.0,0,2020,2019,Christian,Bethancourt,542194
,CIN,Christian Colon,2B,0,0,0.0,0,2020,2019,Christian,Colon,518568
,MIN,Cody Asche,LF,0,0,0.0,0,2020,2019,Cody,Asche,605125
,SEA,Collin Cowgill,RF/CF,0,0,0.0,0,2020,2019,Collin,Cowgill,518577
,CHC,Corban Joseph,1B,0,0,0.0,0,2020,2019,Corban,Joseph,543377
PHI,MIA,Corey Dickerson,LF,2,17500000,8750000.0,1,2020,2019,Corey,Dickerson,572816
,SF,Cristhian Adames,SS,0,0,0.0,0,2020,2019,Cristhian,Adames,542436
PHI,CLE,César Hernández,2B,1,6250000,6250000.0,1,2020,2019,César,Hernández,514917
,ARI,Dalton Pompey,CF,0,0,0.0,0,2020,2019,Dalton,Pompey,592647
,SF,Darin Ruf,1B/OF,0,0,0.0,0,2020,2019,Darin,Ruf,573131
,TEX,Derek Dietrich,2B/LF,0,0,0.0,0,2020,2019,Derek,Dietrich,518618
NYY,PHI,Didi Gregorius,SS,1,14000000,14000000.0,1,2020,2019,Didi,Gregorius,544369
,BAL,Dilson Herrera,2B,0,0,0.0,0,2020,2019,Dilson,Herrera,599096
SEA,CLE,Domingo Santana,RF,1,1500000,1500000.0,1,2020,2019,Domingo,Santana,570267
,COL,Drew Butera,C,0,0,0.0,0,2020,2019,Drew,Butera,460077
,MIN,Drew Maggi,SS,0,0,0.0,0,2020,2019,Drew,Maggi,543482
OAK,HOU,Dustin Garneau,C,1,650000,650000.0,1,2020,2019,Dustin,Garneau,572863
,NYM,Eduardo Nunez,3B/SS,1,1250000,1250000.0,0,2020,2019,Eduardo,Nunez,456488
NYY,CHW,Edwin Encarnacion,DH/1B,1,12000000,12000000.0,1,2020,2019,Edwin,Encarnacion,429665
,COL,Elias Diaz,C,0,0,0.0,0,2020,2019,Elias,Diaz,553869
,WSH,Emilio Bonifacio,CF,1,1000000,1000000.0,0,2020,2019,Emilio,Bonifacio,466988
TB,MIL,Eric Sogard,3B/SS,1,4500000,4500000.0,1,2020,2019,Eric,Sogard,519299
MIL,WSH,Eric Thames,1B,1,4000000,4000000.0,1,2020,2019,Eric,Thames,519346
,KC,Erick Mejia,2B,0,0,0.0,0,2020,2019,Erick,Mejia,625510
,NYY,Erik Kratz,C,0,0,0.0,0,2020,2019,Erik,Kratz,456124
,LAA,Francisco Arcia,C,0,0,0.0,0,2020,2019,Francisco,Arcia,516472
ATL,MIA,Francisco Cervelli,C,1,2000000,2000000.0,1,2020,2019,Francisco,Cervelli,465041
,CIN,Francisco Pena,C,0,0,0.0,0,2020,2019,Francisco,Pena,506747
,TOR,Gabby Guerrero,LF,0,0,0.0,0,2020,2019,Gabby,Guerrero,
,NYM,Gordon Beckham,2B,0,0,0.0,0,2020,2019,Gordon,Beckham,493596
,CHW,Gorkys Hernández,LF/CF,0,0,0.0,0,2020,2019,Gorkys,Hernández,491676
,MIA,Gosuke Katoh,2B,0,0,0.0,0,2020,2019,Gosuke,Katoh,641741
,PHI,Greg Bird,1B,0,0,0.0,0,2020,2019,Greg,Bird,595885
TB,PIT,Guillermo Heredia,CF,1,1000000,1000000.0,1,2020,2019,Guillermo,Heredia,628338
,LAD,Hamlet Marte,C,0,0,0.0,0,2020,2019,Hamlet,Marte,
,TEX,Henry Ramos,OF,0,0,0.0,0,2020,2019,Henry,Ramos,592656
,CHC,Hernán Pérez,2B,0,0,0.0,0,2020,2019,Hernán,Pérez,541650
WSH,WSH,Howie Kendrick,2B/LF,1,6250000,6250000.0,1,2020,2019,Howie,Kendrick,435062
,KC,Humberto Arteaga,SS,0,0,0.0,0,2020,2019,Humberto,Arteaga,600858
TEX,SF,Hunter Pence,RF,1,3000000,3000000.0,1,2020,2019,Hunter,Pence,452254
,WSH,J.B. Shuck,LF/CF,0,0,0.0,0,2020,2019,J.B.,Shuck,543776
,PIT,J.T. Riddle,SS,1,850000,850000.0,0,2020,2019,J.T.,Riddle,595375
,MIL,Jace Peterson,3B,0,0,0.0,0,2020,2019,Jace,Peterson,607054
,MIN,Jack Reinheimer,SS,0,0,0.0,0,2020,2019,Jack,Reinheimer,595373
,CLE,Jake Elmore,LF,0,0,0.0,0,2020,2019,Jake,Elmore,518653
ARI,OAK,Jake Lamb,1B,1,563500,563500.0,1,2020,2019,Jake,Lamb,571875
,WSH,Jake Lowery,C,0,0,0.0,0,2020,2019,Jake,Lowery,
,MIN,Jarett Rindfleisch,C,0,0,0.0,0,2020,2019,Jarett,Rindfleisch,
,NYM,Jarrett Parker,LF,0,0,0.0,0,2020,2019,Jarrett,Parker,592620
ARI,PIT,Jarrod Dyson,CF,1,2000000,2000000.0,1,2020,2019,Jarrod,Dyson,502481
MIN,LAA,Jason Castro,C/DH,1,6850000,6850000.0,1,2020,2019,Jason,Castro,488771
,CHC,Jason Kipnis,2B,1,1000000,1000000.0,0,2020,2019,Jason,Kipnis,543401
,CHW,Jaycob Brugman,OF,0,0,0.0,0,2020,2019,Jaycob,Brugman,595144
LAD,MIL,Jedd Gyorko,3B,1,2000000,2000000.0,1,2020,2019,Jedd,Gyorko,576397
,LAA,Jeremy Arocho,SS,0,0,0.0,0,2020,2019,Jeremy,Arocho,
,BOS,Jett Bandy,C,0,0,0.0,0,2020,2019,Jett,Bandy,542908
,SEA,Joe Hudson,C,0,0,0.0,0,2020,2019,Joe,Hudson,116265
,TOR,Joe Panik,2B,1,2850000,2850000.0,0,2020,2019,Joe,Panik,605412
,SF,Joey Rickard,LF,0,0,0.0,0,2020,2019,Joey,Rickard,572073
,BOS,Johan Mieses,CF,0,0,0.0,0,2020,2019,Johan,Mieses,
,ARI,John Hicks,C/1B,0,0,0.0,0,2020,2019,John,Hicks,543308
,PIT,John Ryan Murphy,C,0,0,0.0,0,2020,2019,John,Ryan Murphy,571974
,ARI,Jon Jay,RF,1,1500000,1500000.0,0,2020,2019,Jon,Jay,445055
,PHI,Jonathan Lucroy,C,0,0,0.0,0,2020,2019,Jonathan,Lucroy,518960
MIN,DET,Jonathan Schoop,2B/SS,1,6100000,6100000.0,1,2020,2019,Jonathan,Schoop,570731
,NYY,Jordy Mercer,SS,0,0,0.0,0,2020,2019,Jordy,Mercer,474568
,DET,Jorge Bonifacio,RF,0,0,0.0,0,2020,2019,Jorge,Bonifacio,593528
CHW,CHW,Jose Abreu,1B/DH,1,17800000,17800000.0,1,2020,2019,Jose,Abreu,547989
CIN,BAL,Jose Iglesias,SS,1,3000000,3000000.0,1,2020,2019,Jose,Iglesias,578428
,CHC,Jose Lobaton,C,0,0,0.0,0,2020,2019,Jose,Lobaton,446653
,SEA,Jose Marmolejos,LF,0,0,0.0,0,2020,2019,Jose,Marmolejos,592530
ATL,MIN,Josh Donaldson,3B,4,92000000,23000000.0,1,2020,2019,Josh,Donaldson,518626
,WSH,Josh Harrison,2B/SS,0,0,0.0,0,2020,2019,Josh,Harrison,543281
,CHC,Josh Phegley,C,0,0,0.0,0,2020,2019,Josh,Phegley,572033
,NYY,Josh Thole,C,0,0,0.0,0,2020,2019,Josh,Thole,489365
,LAA,José Briceño,C,0,0,0.0,0,2020,2019,José,Briceño,593993
CIN,BOS,José Peraza,SS,1,2850000,2850000.0,1,2020,2019,José,Peraza,606299
,BOS,Juan Centeno,C,0,0,0.0,0,2020,2019,Juan,Centeno,518542
,MIN,Juan Graterol,C,0,0,0.0,0,2020,2019,Juan,Graterol,492802
,NYM,Juan Lagares,CF,0,0,0.0,0,2020,2019,Juan,Lagares,501571
TOR,MIL,Justin Smoak,1B,1,5000000,5000000.0,1,2020,2019,Justin,Smoak,475253
,DET,Kade Scivicque,C,0,0,0.0,0,2020,2019,Kade,Scivicque,
,NYY,Kaleb Cowart,DH,0,0,0.0,0,2020,2019,Kaleb,Cowart,592230
,MIL,Keon Broxton,RF,0,0,0.0,0,2020,2019,Keon,Broxton,542979
,TB,Kevan Smith,C,0,0,0.0,0,2020,2019,Kevan,Smith,607345
SF,BOS,Kevin Pillar,CF,1,4250000,4250000.0,1,2020,2019,Kevin,Pillar,607680
CLE,BOS,Kevin Plawecki,C,1,900000,900000.0,1,2020,2019,Kevin,Plawecki,608700
,MIN,Kody Eaves,2B,0,0,0.0,0,2020,2019,Kody,Eaves,
LAA,ARI,Kole Calhoun,RF/LF,2,16000000,8000000.0,1,2020,2019,Kole,Calhoun,594777
,MIN,Lane Adams,LF,0,0,0.0,0,2020,2019,Lane,Adams,572669
,MIN,Levi Michael,2B,0,0,0.0,0,2020,2019,Levi,Michael,
,PHI,Logan Forsythe,2B/3B,0,0,0.0,0,2020,2019,Logan,Forsythe,523253
,MIL,Logan Morrison,DH,0,0,0.0,0,2020,2019,Logan,Morrison,489149
,LAA,Luis Aviles,SS,0,0,0.0,0,2020,2019,Luis,Aviles,
,MIL,Luis Castro,3B,0,0,0.0,0,2020,2019,Luis,Castro,820123
,KC,Luis Hernández,2B,0,0,0.0,0,2020,2019,Luis,Hernández,434682
TOR,PIT,Luke Maile,C,1,900000,900000.0,1,2020,2019,Luke,Maile,571912
,WSH,Mac Williamson,RF,1,700000,700000.0,0,2020,2019,Mac,Williamson,607776
PHI,KC,Maikel Franco,3B,1,2950000,2950000.0,1,2020,2019,Maikel,Franco,596748
,BAL,Malquin Canelo,SS,0,0,0.0,0,2020,2019,Malquin,Canelo,
STL,ATL,Marcell Ozuna,DH/LF,1,18000000,18000000.0,1,2020,2019,Marcell,Ozuna,542303
BOS,BOS,Marco Hernandez,3B,1,650000,650000.0,1,2020,2019,Marco,Hernandez,593523
HOU,HOU,Martin Maldonado,C,2,7000000,3500000.0,1,2020,2019,Martin,Maldonado,455117
,BAL,Mason Williams,LF,0,0,0.0,0,2020,2019,Mason,Williams,592863
,ATL,Matt Adams,1B,0,0,0.0,0,2020,2019,Matt,Adams,571431
,CIN,Matt Davidson,DH,0,0,0.0,0,2020,2019,Matt,Davidson,571602
,NYY,Matt Duffy,3B,0,0,0.0,0,2020,2019,Matt,Duffy,592274
ATL,MIA,Matt Joyce,LF,1,1500000,1500000.0,1,2020,2019,Matt,Joyce,459964
,MIA,Matt Kemp,LF,0,0,0.0,0,2020,2019,Matt,Kemp,461314
,CHW,Matt Skole,3B,0,0,0.0,0,2020,2019,Matt,Skole,605474
,PHI,Matt Szczur,CF,0,0,0.0,0,2020,2019,Matt,Szczur,519333
STL,STL,Matt Wieters,C,1,2000000,2000000.0,1,2020,2019,Matt,Wieters,446308
,CHW,Matthew Mercedes,3B,0,0,0.0,0,2020,2019,Matthew,Mercedes,
,NYY,Max McDowell,C,0,0,0.0,0,2020,2019,Max,McDowell,
,NYM,Max Moroff,2B,0,0,0.0,0,2020,2019,Max,Moroff,621559
,NYM,Melky Cabrera,LF,0,0,0.0,0,2020,2019,Melky,Cabrera,466320
,ARI,Michael De La Cruz,C,0,0,0.0,0,2020,2019,Michael,De La Cruz,
,COL,Mike Gerber,OF,0,0,0.0,0,2020,2019,Mike,Gerber,595222
MIL,CIN,Mike Moustakas,3B,4,64000000,16000000.0,1,2020,2019,Mike,Moustakas,519058
,PHI,Mikie Mahtook,CF,1,850000,850000.0,0,2020,2019,Mikie,Mahtook,543484
BOS,BOS,Mitch Moreland,1B/DH,1,3000000,3000000.0,1,2020,2019,Mitch,Moreland,519048
,PHI,Neil Walker,2B,0,0,0.0,0,2020,2019,Neil,Walker,435522
CHC,CIN,Nick Castellanos,DH/RF,4,64000000,16000000.0,1,2020,2019,Nick,Castellanos,592206
,TEX,Nick Ciuffo,C,0,0,0.0,0,2020,2019,Nick,Ciuffo,624419
,MIN,Nick Garland,C,0,0,0.0,0,2020,2019,Nick,Garland,
,BOS,Nick Longhi,1B,0,0,0.0,0,2020,2019,Nick,Longhi,
ATL,ATL,Nick Markakis,RF,1,4000000,4000000.0,1,2020,2019,Nick,Markakis,455976
,CHW,Nicky Delmonico,RF,0,0,0.0,0,2020,2019,Nicky,Delmonico,
,ATL,Pablo Sandoval,3B,0,0,0.0,0,2020,2019,Pablo,Sandoval,467055
,TOR,Pat Cantwell,C,0,0,0.0,0,2020,2019,Pat,Cantwell,
,TOR,Patrick Kivlehan,RF,0,0,0.0,0,2020,2019,Patrick,Kivlehan,623182
,ATL,Pete Kozma,SS/2B,0,0,0.0,0,2020,2019,Pete,Kozma,518902
,MIN,Peter Mooney,SS,0,0,0.0,0,2020,2019,Peter,Mooney,
,ATL,Peter O'Brien,RF,0,0,0.0,0,2020,2019,Peter,O'Brien,598284
,PHI,Philip Gosselin,2B,0,0,0.0,0,2020,2019,Philip,Gosselin,594838
,PIT,Phillip Evans,3B,0,0,0.0,0,2020,2019,Phillip,Evans,595943
,ATL,Rafael Ortega,DH/CF,0,0,0.0,0,2020,2019,Rafael,Ortega,542364
,CHW,Ramon Torres,SS,0,0,0.0,0,2020,2019,Ramon,Torres,
,NYM,René Rivera,C,1,1000000,1000000.0,0,2020,2019,René,Rivera,425784
,SF,Rob Brantly,C,0,0,0.0,0,2020,2019,Rob,Brantly,542963
HOU,TEX,Robinson Chirinos,C/1B,1,6750000,6750000.0,1,2020,2019,Robinson,Chirinos,455139
,LAD,Rocky Gale,C,0,0,0.0,0,2020,2019,Rocky,Gale,502570
,PHI,Ronald Torreyes,2B,0,0,0.0,0,2020,2019,Ronald,Torreyes,591720
,OAK,Ronnie Freeman,C,0,0,0.0,0,2020,2019,Ronnie,Freeman,
,NYY,Rosell Herrera,RF,0,0,0.0,0,2020,2019,Rosell,Herrera,594011
,TOR,Ruben Tejada,SS,0,0,0.0,0,2020,2019,Ruben,Tejada,514913
,NYM,Ryan Cordell,LF,0,0,0.0,0,2020,2019,Ryan,Cordell,641477
,OAK,Ryan Court,1B,0,0,0.0,0,2020,2019,Ryan,Court,606956
,CHW,Ryan Goins,2B,0,0,0.0,0,2020,2019,Ryan,Goins,572365
,CHC,Ryan LaMarre,LF,0,0,0.0,0,2020,2019,Ryan,LaMarre,534606
,MIA,Ryan Lavarnway,C,0,0,0.0,0,2020,2019,Ryan,Lavarnway,543432
WSH,WSH,Ryan Zimmerman,1B,1,2000000,2000000.0,1,2020,2019,Ryan,Zimmerman,475582
,BOS,Ryder Jones,P/1B,0,0,0.0,0,2020,2019,Ryder,Jones,624507
,SEA,Rymer Liriano,RF,0,0,0.0,0,2020,2019,Rymer,Liriano,542642
SEA,MIL,Ryon Healy,1B/DH,1,1000000,1000000.0,1,2020,2019,Ryon,Healy,592387
,CHW,Samir Duenez,1B,0,0,0.0,0,2020,2019,Samir,Duenez,
,MIA,Sean Rodriguez,2B,0,0,0.0,0,2020,2019,Sean,Rodriguez,446481
,NYM,Sebastian Elizalde,OF,0,0,0.0,0,2020,2019,Sebastian,Elizalde,
,SD,Seth Mejias-Brean,3B,0,0,0.0,0,2020,2019,Seth,Mejias-Brean,623180
,ATL,Shane Robinson,CF,0,0,0.0,0,2020,2019,Shane,Robinson,453203
,PIT,Socrates Brito,LF,0,0,0.0,0,2020,2019,Socrates,Brito,593647
MIA,WSH,Starlin Castro,2B,2,12000000,6000000.0,1,2020,2019,Starlin,Castro,516770
SF,ARI,Stephen Vogt,C,1,3000000,3000000.0,1,2020,2019,Stephen,Vogt,519390
,CLE,Steve Baron,C,0,0,0.0,0,2020,2019,Steve,Baron,
ARI,CHC,Steven Souza,RF,1,1000000,1000000.0,1,2020,2019,Steven,Souza,519306
,PHI,T.J. Rivera,3B,0,0,0.0,0,2020,2019,T.J.,Rivera,608061
,BAL,Taylor Davis,C,0,0,0.0,0,2020,2019,Taylor,Davis,543089
,LAD,Terrance Gore,CF,0,0,0.0,0,2020,2019,Terrance,Gore,605253
,TEX,Tim Federowicz,C,0,0,0.0,0,2020,2019,Tim,Federowicz,543148
NYM,TEX,Todd Frazier,3B,1,5000000,5000000.0,1,2020,2019,Todd,Frazier,453943
MIL,TOR,Travis Shaw,1B/3B,1,4000000,4000000.0,1,2020,2019,Travis,Shaw,543768
,MIA,Travis Snider,RF,0,0,0.0,0,2020,2019,Travis,Snider,501983
TB,ATL,Travis d'Arnaud,C,2,16000000,8000000.0,1,2020,2019,Travis,d'Arnaud,518595
,ARI,Trayce Thompson,CF,0,0,0.0,0,2020,2019,Trayce,Thompson,572204
,CHW,Trayvon Robinson,LF,0,0,0.0,0,2020,2019,Trayvon,Robinson,477054
ATL,ATL,Tyler Flowers,C,1,4000000,4000000.0,1,2020,2019,Tyler,Flowers,452095
,LAA,Victor Acosta,OF,0,0,0.0,0,2020,2019,Victor,Acosta,
,WSH,Welington Castillo,C,0,0,0.0,0,2020,2019,Welington,Castillo,456078
,MIN,Wilfredo Tovar,SS,0,0,0.0,0,2020,2019,Wilfredo,Tovar,541600
,MIA,Wilkin Castillo,C,0,0,0.0,0,2020,2019,Wilkin,Castillo,446868
ARI,SF,Wilmer Flores,1B,2,6250000,3125000.0,1,2020,2019,Wilmer,Flores,527038
,NYY,Wynston Sawyer,C,0,0,0.0,0,2020,2019,Wynston,Sawyer,
,CHW,Xavier Fernández,C,0,0,0.0,0,2020,2019,Xavier,Fernández,
,TEX,Yadiel Rivera,2B,0,0,0.0,0,2020,2019,Yadiel,Rivera,592680
,BOS,Yairo Munoz,SS,0,0,0.0,0,2020,2019,Yairo,Munoz,622168
WSH,WSH,Yan Gomes,C,2,10000000,5000000.0,1,2020,2019,Yan,Gomes,543228
,ATL,Yangervis Solarte,3B,1,1000000,1000000.0,0,2020,2019,Yangervis,Solarte,500208
MIL,CHW,Yasmani Grandal,C,4,73000000,18250000.0,1,2020,2019,Yasmani,Grandal,518735
,CHW,Yolmer Sánchez,2B,0,0,0.0,0,2020,2019,Yolmer,Sánchez,570560
,ATL,Yonder Alonso,1B,1,1000000,1000000.0,0,2020,2019,Yonder,Alonso,475174
,COL,Zach Borenstein,LF,0,0,0.0,0,2020,2019,Zach,Borenstein,
,NYY,Zack Granite,OF,0,0,0.0,0,2020,2019,Zack,Granite,643335
,KC,Óscar Hernández,C,0,0,0.0,0,2020,2019,Óscar,Hernández,591712
,CHC,Abiatal Avelino,SS,0,0,0.0,0,2021,2020,Abiatal,Avelino,623214
SD,ATL,Abraham Almonte,CF,1,990000,990000.0,1,2021,2020,Abraham,Almonte,501659
ATL,MIA,Adam Duvall,RF,1,5000000,5000000.0,1,2021,2020,Adam,Duvall,594807
WSH,CHW,Adam Eaton,RF,1,8000000,8000000.0,1,2021,2020,Adam,Eaton,284566
CHC,NYM,Albert Almora,CF,1,1250000,1250000.0,1,2021,2020,Albert,Almora,546991
LAA,LAD,Albert Pujols,DH/1B,1,570500,570500.0,1,2021,2020,Albert,Pujols,405395
,KC,Alcides Escobar,SS,0,0,0.0,0,2021,2020,Alcides,Escobar,444876
,SEA,Alen Hanson,2B,0,0,0.0,0,2021,2020,Alen,Hanson,593700
MIN,WSH,Alex Avila,C,1,1500000,1500000.0,1,2021,2020,Alex,Avila,488671
LAA,MIN,Andrelton Simmons,SS,1,10500000,10500000.0,1,2021,2020,Andrelton,Simmons,592743
,MIN,Andrew Romine,SS,0,0,0.0,0,2021,2020,Andrew,Romine,461865
,NYY,Andrew Velazquez,3B,0,0,0.0,0,2021,2020,Andrew,Velazquez,623205
,LAD,Andy Burns,3B,0,0,0.0,0,2021,2020,Andy,Burns,542992
,SF,Andy Sugilio,SS,0,0,0.0,0,2021,2020,Andy,Sugilio,
,KC,Angel Franco,2B,0,0,0.0,0,2021,2020,Angel,Franco,
,SF,Arismendy Alcantara,CF,0,0,0.0,0,2021,2020,Arismendy,Alcantara,570489
WSH,ARI,Asdrubal Cabrera,2B,1,1750000,1750000.0,1,2021,2020,Asdrubal,Cabrera,452678
DET,CHC,Austin Romine,C,1,1500000,1500000.0,1,2021,2020,Austin,Romine,519222
,CLE,Ben Gamel,RF,1,1500000,1500000.0,0,2021,2020,Ben,Gamel,592325
,CHW,Billy Hamilton,CF,0,0,0.0,0,2021,2020,Billy,Hamilton,571740
,TEX,Blake Grant-Parks,DH,0,0,0.0,0,2021,2020,Blake,Grant-Parks,
,WSH,Blake Swihart,C,0,0,0.0,0,2021,2020,Blake,Swihart,596119
STL,PHI,Brad Miller,LF/2B,1,3500000,3500000.0,1,2021,2020,Brad,Miller,543543
,NYM,Brandon Drury,DH/3B,1,1550000,1550000.0,0,2021,2020,Brandon,Drury,592273
,CIN,Braxton Lee,OF,0,0,0.0,0,2021,2020,Braxton,Lee,657658
NYY,NYY,Brett Gardner,LF/CF,2,5150000,2575000.0,1,2021,2020,Brett,Gardner,458731
,CHW,Brian Goodwin,RF,1,1000000,1000000.0,0,2021,2020,Brian,Goodwin,571718
TB,SD,Brian O'Grady,LF,1,650000,650000.0,1,2021,2020,Brian,O'Grady,657434
,TEX,Brock Holt,2B,1,1750000,1750000.0,0,2021,2020,Brock,Holt,571788
,ARI,Bryan Holaday,C,0,0,0.0,0,2021,2020,Bryan,Holaday,592407
,KC,Bubba Starling,CF,0,0,0.0,0,2021,2020,Bubba,Starling,605490
,PHI,C.J. Chatham,SS,0,0,0.0,0,2021,2020,C.J.,Chatham,
,COL,C.J. Cron,1B,0,0,0.0,0,2021,2020,C.J.,Cron,543068
,HOU,C.J. Hinojosa,SS,0,0,0.0,0,2021,2020,C.J.,Hinojosa,
TOR,NYM,Caleb Joseph,C,0,0,0.0,1,2021,2020,Caleb,Joseph,543376
,CHC,Cameron Maybin,RF,0,0,0.0,0,2021,2020,Cameron,Maybin,457727
,MIA,Carlos Arroyo,2B,0,0,0.0,0,2021,2020,Carlos,Arroyo,
,LAD,Carlos Asuaje,2B,0,0,0.0,0,2021,2020,Carlos,Asuaje,641319
,OAK,Carlos Pérez,C,1,650000,650000.0,0,2021,2020,Carlos,Pérez,542208
CLE,KC,Carlos Santana,1B/DH,2,17500000,8750000.0,1,2021,2020,Carlos,Santana,467793
,CHC,Carlos Sepulveda,2B,0,0,0.0,0,2021,2020,Carlos,Sepulveda,
,NYM,Cesar Puello,RF,0,0,0.0,0,2021,2020,Cesar,Puello,527049
,ATL,Cesar Rodriguez,C,0,0,0.0,0,2021,2020,Cesar,Rodriguez,
SF,SF,Chadwick Tromp,C,1,583000,583000.0,1,2021,2020,Chadwick,Tromp,644433
,TEX,Charlie Culberson,3B,1,1500000,1500000.0,0,2021,2020,Charlie,Culberson,518586
,NYM,Cheslor Cuthbert,3B/DH,0,0,0.0,0,2021,2020,Cheslor,Cuthbert,596144
,BOS,Chris Herrmann,C,0,0,0.0,0,2021,2020,Chris,Herrmann,543302
,COL,Chris Owings,SS,0,0,0.0,0,2021,2020,Chris,Owings,572008
,PIT,Christian Bethancourt,C,0,0,0.0,0,2021,2020,Christian,Bethancourt,542194
,TOR,Christian Colon,2B,0,0,0.0,0,2021,2020,Christian,Colon,518568
,MIL,Christian Kelley,C,0,0,0.0,0,2021,2020,Christian,Kelley,
,STL,Clint Coulter,RF,0,0,0.0,0,2021,2020,Clint,Coulter,
,COL,Connor Joe,LF/RF,0,0,0.0,0,2021,2020,Connor,Joe,656582
,WSH,Corban Joseph,1B,0,0,0.0,0,2021,2020,Corban,Joseph,543377
,STL,Cory Thompson,SS,0,0,0.0,0,2021,2020,Cory,Thompson,
CIN,SF,Curt Casali,C,1,1500000,1500000.0,1,2021,2020,Curt,Casali,592200
CLE,CLE,César Hernández,2B,1,5000000,5000000.0,1,2021,2020,César,Hernández,514917
NYY,NYY,D.J. LeMahieu,2B/DH,6,90000000,15000000.0,1,2021,2020,D.J.,LeMahieu,
,LAA,Dalton Pompey,CF,0,0,0.0,0,2021,2020,Dalton,Pompey,592647
,MIN,Daniel Descalso,2B/LF,0,0,0.0,0,2021,2020,Daniel,Descalso,518614
,WSH,Daniel Palka,LF,0,0,0.0,0,2021,2020,Daniel,Palka,594953
SF,MIL,Daniel Robertson,SS,1,900000,900000.0,1,2021,2020,Daniel,Robertson,621002
TEX,BOS,Danny Santana,OF/2B,1,1750000,1750000.0,1,2021,2020,Danny,Santana,542454
COL,TEX,David Dahl,OF,1,2700000,2700000.0,1,2021,2020,David,Dahl,621311
,TB,David Freitas,C,0,0,0.0,0,2021,2020,David,Freitas,571679
,SEA,David Masters,SS,0,0,0.0,0,2021,2020,David,Masters,
,PIT,Dee Strange-Gordon,2B/CF,0,0,0.0,0,2021,2020,Dee,Strange-Gordon,543829
,TEX,Delino DeShields,CF,0,0,0.0,0,2021,2020,Delino,DeShields,592261
,WSH,Derek Dietrich,2B/LF,0,0,0.0,0,2021,2020,Derek,Dietrich,518618
,MIA,Deven Marrero,SS,0,0,0.0,0,2021,2020,Deven,Marrero,571918
PHI,PHI,Didi Gregorius,SS,2,28000000,14000000.0,1,2021,2020,Didi,Gregorius,544369
,HOU,Drew Butera,C,0,0,0.0,0,2021,2020,Drew,Butera,460077
,MIN,Drew Stankiewicz,2B,0,0,0.0,0,2021,2020,Drew,Stankiewicz,
,ARI,Drew Weeks,RF,0,0,0.0,0,2021,2020,Drew,Weeks,
,DET,Dustin Garneau,C,0,0,0.0,0,2021,2020,Dustin,Garneau,572863
,CIN,Dwight Smith Jr.,RF,0,0,0.0,0,2021,2020,Dwight,Smith Jr.,596105
,MIL,Dylan Cozens,OF,0,0,0.0,0,2021,2020,Dylan,Cozens,622226
MIN,CLE,Eddie Rosario,LF,1,8000000,8000000.0,1,2021,2020,Eddie,Rosario,592696
,CHC,Edwin Figuera,SS,0,0,0.0,0,2021,2020,Edwin,Figuera,
,ATL,Ehire Adrianza,SS,1,1500000,1500000.0,0,2021,2020,Ehire,Adrianza,501303
,TEX,Elier Hernandez,RF,0,0,0.0,0,2021,2020,Elier,Hernandez,609274
,LAD,Elliot Soto,SS,0,0,0.0,0,2021,2020,Elliot,Soto,519303
,CIN,Ender Inciarte,CF,0,0,0.0,0,2021,2020,Ender,Inciarte,542255
LAD,BOS,Enrique Hernandez,SS/OF,2,14000000,7000000.0,1,2021,2020,Enrique,Hernandez,571771
,SEA,Eric Campbell,1B,0,0,0.0,0,2021,2020,Eric,Campbell,493472
,CHC,Eric Sogard,3B/SS,1,1000000,1000000.0,0,2021,2020,Eric,Sogard,519299
,CHC,Erick Castillo,C,0,0,0.0,0,2021,2020,Erick,Castillo,602080
,KC,Erick Mejia,2B,0,0,0.0,0,2021,2020,Erick,Mejia,625510
,CHW,Fernando Vargas,OF,0,0,0.0,0,2021,2020,Fernando,Vargas,
,TOR,Forrest Wall,OF,0,0,0.0,0,2021,2020,Forrest,Wall,657088
,LAA,Francisco Arcia,C,0,0,0.0,0,2021,2020,Francisco,Arcia,516472
,OAK,Francisco Pena,C,1,600000,600000.0,0,2021,2020,Francisco,Pena,506747
,OAK,Frank Schwindel,1B,0,0,0.0,0,2021,2020,Frank,Schwindel,643524
CIN,BAL,Freddy Galvis,SS,1,1500000,1500000.0,1,2021,2020,Freddy,Galvis,520471
HOU,TOR,George Springer,RF,6,150000000,25000000.0,1,2021,2020,George,Springer,543807
,WSH,Gerardo Parra,RF,1,1000000,1000000.0,0,2021,2020,Gerardo,Parra,467827
,SD,Gosuke Katoh,2B,0,0,0.0,0,2021,2020,Gosuke,Katoh,641741
,COL,Greg Bird,1B,1,1000000,1000000.0,0,2021,2020,Greg,Bird,595885
,PHI,Greg Garcia,2B,0,0,0.0,0,2021,2020,Greg,Garcia,594824
,TOR,Gregory Polanco,RF,0,0,0.0,0,2021,2020,Gregory,Polanco,570256
KOR,SD,Ha-seong Kim,2B/SS,4,28000000,7000000.0,1,2021,2020,Ha-seong,Kim,673490
,KC,Hanser Alberto,2B,1,1650000,1650000.0,0,2021,2020,Hanser,Alberto,593643
,ATL,Hendrik Clementina,C,0,0,0.0,0,2021,2020,Hendrik,Clementina,
,ARI,Henry Ramos,OF,0,0,0.0,0,2021,2020,Henry,Ramos,592656
,MIL,Hernán Pérez,2B,0,0,0.0,0,2021,2020,Hernán,Pérez,541650
,WSH,Humberto Arteaga,SS,0,0,0.0,0,2021,2020,Humberto,Arteaga,600858
TB,BOS,Hunter Renfroe,RF,1,3100000,3100000.0,1,2021,2020,Hunter,Renfroe,592669
,COL,Hunter Stovall,2B,0,0,0.0,0,2021,2020,Hunter,Stovall,
,LAA,Izzy Wilson,OF,0,0,0.0,0,2021,2020,Izzy,Wilson,
PHI,PHI,J.T. Realmuto,C,5,115500000,23100000.0,1,2021,2020,J.T.,Realmuto,592663
,MIN,J.T. Riddle,SS,0,0,0.0,0,2021,2020,J.T.,Riddle,595375
,MIL,Jace Peterson,3B,0,0,0.0,0,2021,2020,Jace,Peterson,607054
,SEA,Jack Reinheimer,SS,0,0,0.0,0,2021,2020,Jack,Reinheimer,595373
BOS,MIL,Jackie Bradley Jr.,CF,2,24000000,12000000.0,1,2021,2020,Jackie,Bradley Jr.,598265
,CHW,Jake Lamb,1B,0,0,0.0,0,2021,2020,Jake,Lamb,571875
NYM,CHC,Jake Marisnick,CF,1,1500000,1500000.0,1,2021,2020,Jake,Marisnick,545350
CHW,NYM,James McCann,C,4,40600000,10150000.0,1,2021,2020,James,McCann,543510
,ARI,Jarett Rindfleisch,C,0,0,0.0,0,2021,2020,Jarett,Rindfleisch,
CHW,KC,Jarrod Dyson,CF,1,1500000,1500000.0,1,2021,2020,Jarrod,Dyson,502481
SD,HOU,Jason Castro,C/DH,2,7000000,3500000.0,1,2021,2020,Jason,Castro,488771
,ATL,Jason Kipnis,2B,0,0,0.0,0,2021,2020,Jason,Kipnis,543401
,TEX,Jason Martin,OF,0,0,0.0,0,2021,2020,Jason,Martin,641829
SD,SF,Jason Vosler,3B,1,570500,570500.0,1,2021,2020,Jason,Vosler,613564
,NYY,Jay Bruce,RF/RF,1,1350000,1350000.0,0,2021,2020,Jay,Bruce,457803
,ATL,Jaycob Brugman,OF,0,0,0.0,0,2021,2020,Jaycob,Brugman,595144
,OAK,Jed Lowrie,2B,1,1500000,1500000.0,0,2021,2020,Jed,Lowrie,476704
,ATL,Jeff Mathis,C,0,0,0.0,0,2021,2020,Jeff,Mathis,425772
,KC,Jeison Guzmán,SS,0,0,0.0,0,2021,2020,Jeison,Guzmán,
,MIN,Jermaine Palacios,SS,0,0,0.0,0,2021,2020,Jermaine,Palacios,650339
,BOS,Jett Bandy,C,0,0,0.0,0,2021,2020,Jett,Bandy,542908
LAD,CHC,Joc Pederson,LF,1,7000000,7000000.0,1,2021,2020,Joc,Pederson,592626
,PIT,Joe Hudson,C,0,0,0.0,0,2021,2020,Joe,Hudson,116265
,TB,Joe Odom,C,0,0,0.0,0,2021,2020,Joe,Odom,
,TOR,Joe Panik,2B,1,1850000,1850000.0,0,2021,2020,Joe,Panik,605412
,TEX,John Hicks,C/1B,0,0,0.0,0,2021,2020,John,Hicks,543308
,TOR,Jommer Hernandez,C,0,0,0.0,0,2021,2020,Jommer,Hernandez,
,LAA,Jon Jay,RF,1,1100000,1100000.0,0,2021,2020,Jon,Jay,445055
,MIL,Jonathan Lucroy,C,0,0,0.0,0,2021,2020,Jonathan,Lucroy,518960
DET,DET,Jonathan Schoop,2B/SS,1,4500000,4500000.0,1,2021,2020,Jonathan,Schoop,570731
TOR,NYM,Jonathan Villar,SS/3B,1,3550000,3550000.0,1,2021,2020,Jonathan,Villar,542340
,WSH,Jordy Mercer,SS,1,1000000,1000000.0,0,2021,2020,Jordy,Mercer,474568
,PHI,Jorge Bonifacio,RF,0,0,0.0,0,2021,2020,Jorge,Bonifacio,593528
,NYM,Jose Colina,C,0,0,0.0,0,2021,2020,Jose,Colina,
,SEA,Jose Godoy,C,0,0,0.0,0,2021,2020,Jose,Godoy,
,COL,Jose Gomez,3B,0,0,0.0,0,2021,2020,Jose,Gomez,
LAA,BOS,Jose Iglesias,SS,1,570500,570500.0,1,2021,2020,Jose,Iglesias,578428
,CHC,Jose Lobaton,C,0,0,0.0,0,2021,2020,Jose,Lobaton,446653
,NYM,Jose Martinez,1B,1,1000000,1000000.0,0,2021,2020,Jose,Martinez,500874
,STL,Jose Rondon,2B,0,0,0.0,0,2021,2020,Jose,Rondon,602922
,SEA,Josh Morgan,SS,0,0,0.0,0,2021,2020,Josh,Morgan,
,NYM,Josh Reddick,RF,0,0,0.0,0,2021,2020,Josh,Reddick,502210
,COL,José Briceño,C,0,0,0.0,0,2021,2020,José,Briceño,593993
,NYM,José Peraza,SS,0,0,0.0,0,2021,2020,José,Peraza,606299
,LAA,Juan Graterol,C,0,0,0.0,0,2021,2020,Juan,Graterol,492802
,LAA,Juan Lagares,CF,1,1250000,1250000.0,0,2021,2020,Juan,Lagares,501571
SD,SD,Jurickson Profar,LF,3,21000000,7000000.0,1,2021,2020,Jurickson,Profar,595777
OS,SF,Justin Bour,1B,0,0,0.0,0,2021,2020,Justin,Bour,571506
LAD,LAD,Justin Turner,3B/1B,2,34000000,17000000.0,1,2021,2020,Justin,Turner,457759
,LAA,Kean Wong,2B,0,0,0.0,0,2021,2020,Kean,Wong,642221
,COL,Kelby Tomlinson,2B,0,0,0.0,0,2021,2020,Kelby,Tomlinson,605509
,MIL,Keon Broxton,RF,0,0,0.0,0,2021,2020,Keon,Broxton,542979
,TB,Kevan Smith,C,0,0,0.0,0,2021,2020,Kevan,Smith,607345
,ATL,Kevin Josephina,SS,0,0,0.0,0,2021,2020,Kevin,Josephina,
COL,NYM,Kevin Pillar,CF,2,6500000,3250000.0,1,2021,2020,Kevin,Pillar,607680
,LAA,Kevin Watson,OF,0,0,0.0,0,2021,2020,Kevin,Watson,
,OAK,Khris Davis,DH,0,0,0.0,0,2021,2020,Khris,Davis,501981
STL,MIL,Kolten Wong,2B,2,18000000,9000000.0,1,2021,2020,Kolten,Wong,543939
WSH,LAA,Kurt Suzuki,C,1,1500000,1500000.0,1,2021,2020,Kurt,Suzuki,435559
,CIN,Kyle Farmer,SS,0,0,0.0,0,2021,2020,Kyle,Farmer,571657
CHC,WSH,Kyle Schwarber,LF,1,10000000,10000000.0,1,2021,2020,Kyle,Schwarber,656941
,MIN,Leobaldo Cabrera,RF,0,0,0.0,0,2021,2020,Leobaldo,Cabrera,
,SEA,Liam Sabino,3B,0,0,0.0,0,2021,2020,Liam,Sabino,
,MIL,Logan Forsythe,2B/3B,0,0,0.0,0,2021,2020,Logan,Forsythe,523253
,CIN,Logan Morrison,DH,0,0,0.0,0,2021,2020,Logan,Morrison,489149
,LAA,Luis Aviles,SS,0,0,0.0,0,2021,2020,Luis,Aviles,
PIT,MIL,Luke Maile,C,1,825000,825000.0,1,2021,2020,Luke,Maile,571912
KC,BAL,Maikel Franco,3B,1,800000,800000.0,1,2021,2020,Maikel,Franco,596748
,CIN,Mallex Smith,LF,0,0,0.0,0,2021,2020,Mallex,Smith,605480
,BAL,Malquin Canelo,SS,0,0,0.0,0,2021,2020,Malquin,Canelo,
ATL,ATL,Marcell Ozuna,DH/LF,4,65000000,16250000.0,1,2021,2020,Marcell,Ozuna,542303
OAK,TOR,Marcus Semien,2B,1,18000000,18000000.0,1,2021,2020,Marcus,Semien,543760
,NYM,Martin Červenka,C,0,0,0.0,0,2021,2020,Martin,Červenka,
MIN,BOS,Marwin Gonzalez,3B,1,3000000,3000000.0,1,2021,2020,Marwin,Gonzalez,503556
,BAL,Mason Williams,LF,0,0,0.0,0,2021,2020,Mason,Williams,592863
,COL,Matt Adams,1B,0,0,0.0,0,2021,2020,Matt,Adams,571431
,LAD,Matt Davidson,DH,0,0,0.0,0,2021,2020,Matt,Davidson,571602
NYY,CHC,Matt Duffy,3B,1,1000000,1000000.0,1,2021,2020,Matt,Duffy,592274
,PHI,Matt Joyce,LF,1,1500000,1500000.0,0,2021,2020,Matt,Joyce,459964
,STL,Matt Szczur,CF,0,0,0.0,0,2021,2020,Matt,Szczur,519333
,STL,Max Moroff,2B,0,0,0.0,0,2021,2020,Max,Moroff,621559
WSH,KC,Michael A. Taylor,CF,1,1750000,1750000.0,1,2021,2020,Michael,A. Taylor,
,NYY,Michael Beltre,OF,0,0,0.0,0,2021,2020,Michael,Beltre,
HOU,HOU,Michael Brantley,LF,2,32000000,16000000.0,1,2021,2020,Michael,Brantley,488726
,ARI,Michael De La Cruz,C,0,0,0.0,0,2021,2020,Michael,De La Cruz,
,CIN,Michael De León,SS,0,0,0.0,0,2021,2020,Michael,De León,
,CHC,Michael Hermosillo,CF,1,575000,575000.0,0,2021,2020,Michael,Hermosillo,641684
,CLE,Mike Freeman,2B,0,0,0.0,0,2021,2020,Mike,Freeman,502273
TB,TB,Mike Zunino,C,1,3000000,3000000.0,1,2021,2020,Mike,Zunino,572287
,CHW,Mikie Mahtook,CF,0,0,0.0,0,2021,2020,Mikie,Mahtook,543484
SD,OAK,Mitch Moreland,1B/DH,1,2250000,2250000.0,1,2021,2020,Mitch,Moreland,519048
MIN,MIN,Nelson Cruz,DH,1,13000000,13000000.0,1,2021,2020,Nelson,Cruz,112906
,BAL,Nick Ciuffo,C,0,0,0.0,0,2021,2020,Nick,Ciuffo,624419
,MIN,Nick Garland,C,0,0,0.0,0,2021,2020,Nick,Garland,
,COL,Nick Longhi,1B,0,0,0.0,0,2021,2020,Nick,Longhi,
,CHC,Nick Martini,RF,0,0,0.0,0,2021,2020,Nick,Martini,605361
,LAD,Nick Shumpert,2B,0,0,0.0,0,2021,2020,Nick,Shumpert,
,SD,Nick Tanielu,3B,0,0,0.0,0,2021,2020,Nick,Tanielu,
,CHW,Nick Williams,RF,1,900000,900000.0,0,2021,2020,Nick,Williams,608384
,CIN,Nicky Delmonico,RF,0,0,0.0,0,2021,2020,Nicky,Delmonico,
CHW,DET,Nomar Mazara,RF,1,1750000,1750000.0,1,2021,2020,Nomar,Mazara,608577
CUB,HOU,Norel González,1B,0,0,0.0,1,2021,2020,Norel,González,
,NYM,Oscar Campos,C,0,0,0.0,0,2021,2020,Oscar,Campos,
,WSH,Osvaldo Duarte,2B,0,0,0.0,0,2021,2020,Osvaldo,Duarte,
,MIL,Pablo Reyes,LF,0,0,0.0,0,2021,2020,Pablo,Reyes,622569
,ATL,Pablo Sandoval,3B,1,1000000,1000000.0,0,2021,2020,Pablo,Sandoval,467055
,SD,Patrick Kivlehan,RF,0,0,0.0,0,2021,2020,Patrick,Kivlehan,623182
,SD,Pedro Florimón,SS,0,0,0.0,0,2021,2020,Pedro,Florimón,465753
,OAK,Pete Kozma,SS/2B,0,0,0.0,0,2021,2020,Pete,Kozma,518902
,MIN,Peter Mooney,SS,0,0,0.0,0,2021,2020,Peter,Mooney,
,LAA,Philip Gosselin,2B,0,0,0.0,0,2021,2020,Philip,Gosselin,594838
,LAA,Preston Palmeiro,1B,0,0,0.0,0,2021,2020,Preston,Palmeiro,
,WSH,Rafael Bautista,OF,0,0,0.0,0,2021,2020,Rafael,Bautista,622441
,CHC,Rafael Ortega,DH/CF,0,0,0.0,0,2021,2020,Rafael,Ortega,542364
,WSH,Ramon Flores,CF,0,0,0.0,0,2021,2020,Ramon,Flores,570717
,BAL,Ramon Rodriguez,C,0,0,0.0,0,2021,2020,Ramon,Rodriguez,
,LAD,Rangel Ravelo,1B,0,0,0.0,0,2021,2020,Rangel,Ravelo,592660
,DET,Renato Nunez,3B,0,0,0.0,0,2021,2020,Renato,Nunez,600524
,TB,René Pinto,C,0,0,0.0,0,2021,2020,René,Pinto,650907
CLE,WSH,René Rivera,C,1,570500,570500.0,1,2021,2020,René,Rivera,425784
,TOR,Richard Urena,SS,0,0,0.0,0,2021,2020,Richard,Urena,620446
,MIA,Ricky Aracena,SS,0,0,0.0,0,2021,2020,Ricky,Aracena,
OAK,DET,Robbie Grossman,RF,2,10000000,5000000.0,1,2021,2020,Robbie,Grossman,543257
,CIN,Robbie Tenerowicz,3B,0,0,0.0,0,2021,2020,Robbie,Tenerowicz,
,CHC,Robinson Chirinos,C/1B,0,0,0.0,0,2021,2020,Robinson,Chirinos,455139
,CIN,Rocky Gale,C,0,0,0.0,0,2021,2020,Rocky,Gale,502570
,PHI,Ronald Torreyes,2B,1,800000,800000.0,0,2021,2020,Ronald,Torreyes,591720
,SF,Ronnie Freeman,C,0,0,0.0,0,2021,2020,Ronnie,Freeman,
,CHW,Ruben Tejada,SS,0,0,0.0,0,2021,2020,Ruben,Tejada,514913
,ATL,Ryan Casteel,C,0,0,0.0,0,2021,2020,Ryan,Casteel,
,ATL,Ryan Goins,2B,0,0,0.0,0,2021,2020,Ryan,Goins,572365
,CLE,Ryan Lavarnway,C,0,0,0.0,0,2021,2020,Ryan,Lavarnway,543432
WSH,WSH,Ryan Zimmerman,1B,1,1000000,1000000.0,1,2021,2020,Ryan,Zimmerman,475582
,ARI,Ryder Jones,P/1B,0,0,0.0,0,2021,2020,Ryder,Jones,624507
,MIA,Sandy León,C,1,1250000,1250000.0,0,2021,2020,Sandy,León,506702
TEX,TEX,Scott Heineman,OF,1,595000,595000.0,1,2021,2020,Scott,Heineman,595981
,LAA,Scott Schebler,CF,0,0,0.0,0,2021,2020,Scott,Schebler,594988
,ATL,Sean Kazmar Jr.,SS,0,0,0.0,0,2021,2020,Sean,Kazmar Jr.,
,NYM,Sebastian Elizalde,OF,0,0,0.0,0,2021,2020,Sebastian,Elizalde,
,BAL,Seth Mejias-Brean,3B,0,0,0.0,0,2021,2020,Seth,Mejias-Brean,623180
,NYY,Socrates Brito,LF,0,0,0.0,0,2021,2020,Socrates,Brito,593647
,BAL,Steve Wilkerson,2B,0,0,0.0,0,2021,2020,Steve,Wilkerson,592859
,LAD,Steven Souza,RF,0,0,0.0,0,2021,2020,Steven,Souza,519306
,PIT,T.J. Rivera,3B,0,0,0.0,0,2021,2020,T.J.,Rivera,608061
,ATL,Terrance Gore,CF,0,0,0.0,0,2021,2020,Terrance,Gore,605253
,CHW,Tim Beckham,3B,1,1350000,1350000.0,0,2021,2020,Tim,Beckham,542921
,LAD,Tim Federowicz,C,0,0,0.0,0,2021,2020,Tim,Federowicz,543148
,CHC,Tim Susnara,C,0,0,0.0,0,2021,2020,Tim,Susnara,
,PIT,Todd Frazier,3B,1,1500000,1500000.0,0,2021,2020,Todd,Frazier,453943
OAK,SF,Tommy La Stella,2B,3,18750000,6250000.0,1,2021,2020,Tommy,La Stella,600303
,MIN,Tomás Telis,1B,0,0,0.0,0,2021,2020,Tomás,Telis,542513
,LAD,Tony Wolters,C,0,0,0.0,0,2021,2020,Tony,Wolters,547172
,PHI,Travis Jankowski,LF,0,0,0.0,0,2021,2020,Travis,Jankowski,608671
,MIL,Travis Shaw,1B/3B,1,1500000,1500000.0,0,2021,2020,Travis,Shaw,543768
,ATL,Travis Snider,RF,0,0,0.0,0,2021,2020,Travis,Snider,501983
,ATL,Tyler Flowers,C,1,1500000,1500000.0,0,2021,2020,Tyler,Flowers,452095
,PHI,Tyler Heineman,C,0,0,0.0,0,2021,2020,Tyler,Heineman,623168
,CIN,Tyler Naquin,LF/DH,1,1500000,1500000.0,0,2021,2020,Tyler,Naquin,571980
,TOR,Tyler White,1B,0,0,0.0,0,2021,2020,Tyler,White,643603
,MIN,Tzu-Wei Lin,SS,0,0,0.0,0,2021,2020,Tzu-Wei,Lin,624407
,LAD,Victor Diaz,C,0,0,0.0,0,2021,2020,Victor,Diaz,
,WSH,Welington Castillo,C,1,950000,950000.0,0,2021,2020,Welington,Castillo,456078
,MIN,Wilbis Santiago,2B,0,0,0.0,0,2021,2020,Wilbis,Santiago,
,NYM,Wilfredo Tovar,SS,0,0,0.0,0,2021,2020,Wilfredo,Tovar,541600
,PIT,Wilmer Difo,SS,1,1000000,1000000.0,0,2021,2020,Wilmer,Difo,594694
NYM,DET,Wilson Ramos,C,1,2000000,2000000.0,1,2021,2020,Wilson,Ramos,467092
,SF,Wyatt Mathisen,3B,0,0,0.0,0,2021,2020,Wyatt,Mathisen,621500
,SD,Wynston Sawyer,C,0,0,0.0,0,2021,2020,Wynston,Sawyer,
,COL,Wynton Bernard,LF,0,0,0.0,0,2021,2020,Wynton,Bernard,592144
,HOU,Yadiel Rivera,2B,0,0,0.0,0,2021,2020,Yadiel,Rivera,592680
STL,STL,Yadier Molina,C,1,9000000,9000000.0,1,2021,2020,Yadier,Molina,425877
,WSH,Yasmany Tomas,LF/OF,0,0,0.0,0,2021,2020,Yasmany,Tomas,630111
,SD,Yohel Pozo,C,0,0,0.0,0,2021,2020,Yohel,Pozo,650968
LAD,PIT,Yoshitomo Tsutsugo,1B,1,570500,570500.0,1,2021,2020,Yoshitomo,Tsutsugo,660294
,CHW,Zack Granite,OF,0,0,0.0,0,2021,2020,Zack,Granite,643335
,LAA,Aaron Whitefield,OF,0,0,0.0,0,2022,2021,Aaron,Whitefield,664334
,MIL,Abraham Almonte,CF,0,0,0.0,0,2022,2021,Abraham,Almonte,501659
,CIN,Albert Almora,CF,0,0,0.0,0,2022,2021,Albert,Almora,546991
LAD,STL,Albert Pujols,DH/1B,1,2500000,2500000.0,1,2022,2021,Albert,Pujols,405395
,PHI,Aldrem Corredor,1B,0,0,0.0,0,2022,2021,Aldrem,Corredor,
,SF,Alex Blandino,3B,0,0,0.0,0,2022,2021,Alex,Blandino,607468
SF,ATL,Alex Dickerson,LF,1,1000000,1000000.0,1,2022,2021,Alex,Dickerson,543105
,CIN,Allen Córdoba,SS,0,0,0.0,0,2022,2021,Allen,Córdoba,642707
,STL,Anderson Tejeda,SS,0,0,0.0,0,2022,2021,Anderson,Tejeda,660731
MIN,CHC,Andrelton Simmons,SS,1,4000000,4000000.0,1,2022,2021,Andrelton,Simmons,592743
,SF,Andrew Knapp,C,0,0,0.0,0,2022,2021,Andrew,Knapp,595284
PHI,MIL,Andrew McCutchen,RF/RF,1,8500000,8500000.0,1,2022,2021,Andrew,McCutchen,457705
,CLE,Anthony Alford,LF,0,0,0.0,0,2022,2021,Anthony,Alford,546990
,BAL,Anthony Bemboom,C,0,0,0.0,0,2022,2021,Anthony,Bemboom,621532
NYY,NYY,Anthony Rizzo,1B,2,32000000,16000000.0,1,2022,2021,Anthony,Rizzo,519203
,CIN,Aramis Garcia,C,0,0,0.0,0,2022,2021,Aramis,Garcia,605244
,ATL,Arden Pabst,C,0,0,0.0,0,2022,2021,Arden,Pabst,
,SF,Arquimedes Gamboa,SS,0,0,0.0,0,2022,2021,Arquimedes,Gamboa,
,STL,Austin Romine,C,0,0,0.0,0,2022,2021,Austin,Romine,519222
,PHI,Austin Wynns,C,0,0,0.0,0,2022,2021,Austin,Wynns,642851
MIL,MIA,Avisaíl García,RF,4,53000000,13250000.0,1,2022,2021,Avisaíl,García,541645
,OAK,Beau Taylor,C,0,-1,0.0,0,2022,2021,Beau,Taylor,607333
,MIN,Billy Hamilton,CF,0,0,0.0,0,2022,2021,Billy,Hamilton,571740
,OAK,Billy McKinney,OF,1,800000,800000.0,0,2022,2021,Billy,McKinney,641856
,NYY,Blake Perkins,RF,0,0,0.0,0,2022,2021,Blake,Perkins,663368
PHI,TEX,Brad Miller,LF/2B,2,10000000,5000000.0,1,2022,2021,Brad,Miller,543543
SF,SF,Brandon Belt,1B,1,18400000,18400000.0,1,2022,2021,Brandon,Belt,474832
,SD,Brandon Dixon,1B,0,0,0.0,0,2022,2021,Brandon,Dixon,641525
,CIN,Brandon Drury,2B/3B,0,0,0.0,0,2022,2021,Brandon,Drury,592273
,MIL,Brian Navarreto,C,0,-1,0.0,0,2022,2021,Brian,Navarreto,640459
,ATL,Brock Holt,2B,0,0,0.0,0,2022,2021,Brock,Holt,571788
,ARI,C.J. Chatham,SS,0,0,0.0,0,2022,2021,C.J.,Chatham,
,SD,C.J. Hinojosa,SS,0,0,0.0,0,2022,2021,C.J.,Hinojosa,
HOU,MIN,Carlos Correa,SS/SS,3,105300000,35100000.0,1,2022,2021,Carlos,Correa,621043
,OAK,Carlos Pérez,C,0,0,0.0,0,2022,2021,Carlos,Pérez,542208
,MIN,Chance Sisco,C,0,0,0.0,0,2022,2021,Chance,Sisco,642082
,TEX,Charlie Culberson,3B,1,1750000,1750000.0,0,2022,2021,Charlie,Culberson,518586
,DET,Chase Barbary,C,0,0,0.0,0,2022,2021,Chase,Barbary,
,NYY,Chris Owings,SS,0,0,0.0,0,2022,2021,Chris,Owings,572008
LAD,LAD,Chris Taylor,3B/SS/OF,4,60000000,15000000.0,1,2022,2021,Chris,Taylor,621035
,OAK,Christian Bethancourt,C,0,0,0.0,0,2022,2021,Christian,Bethancourt,542194
NYY,CHC,Clint Frazier,OF,1,1500000,1500000.0,1,2022,2021,Clint,Frazier,640449
,MIN,Cole Sturgeon,RF,0,0,0.0,0,2022,2021,Cole,Sturgeon,
PIT,CIN,Colin Moran,1B,1,1000000,1000000.0,1,2022,2021,Colin,Moran,592567
,SD,Connor Hollis,2B,0,0,0.0,0,2022,2021,Connor,Hollis,
TOR,STL,Corey Dickerson,LF,1,5000000,5000000.0,1,2022,2021,Corey,Dickerson,572816
LAD,TEX,Corey Seager,SS,10,325000000,32500000.0,1,2022,2021,Corey,Seager,608369
,STL,Cory Spangenberg,2B,0,0,0.0,0,2022,2021,Cory,Spangenberg,605486
,CIN,Cristian Santana,3B,0,-1,0.0,0,2022,2021,Cristian,Santana,
,COL,Cuba Bess,1B,0,0,0.0,0,2022,2021,Cuba,Bess,
,MIN,Curtis Terry,1B,0,0,0.0,0,2022,2021,Curtis,Terry,663799
CHW,WSH,César Hernández,2B,1,4000000,4000000.0,1,2022,2021,César,Hernández,514917
,WSH,DJ Peters,OF,0,-1,0.0,0,2022,2021,DJ,Peters,656847
MIL,PIT,Dan Vogelbach,DH/1B,1,1000000,1000000.0,1,2022,2021,Dan,Vogelbach,596129
,NYM,Daniel Palka,LF,0,0,0.0,0,2022,2021,Daniel,Palka,594953
,MIN,Daniel Robertson,SS,0,0,0.0,0,2022,2021,Daniel,Robertson,621002
,WSH,David Dahl,OF,0,0,0.0,0,2022,2021,David,Dahl,621311
,NYY,David Freitas,C,0,0,0.0,0,2022,2021,David,Freitas,571679
,TEX,David Garcia,C,0,0,0.0,0,2022,2021,David,Garcia,
,WSH,Dee Strange-Gordon,2B/CF,0,0,0.0,0,2022,2021,Dee,Strange-Gordon,543829
,ATL,Delino DeShields,CF,0,0,0.0,0,2022,2021,Delino,DeShields,592261
,NYY,Derek Dietrich,2B/LF,0,0,0.0,0,2022,2021,Derek,Dietrich,518618
,MIN,Derek Fisher,RF,0,0,0.0,0,2022,2021,Derek,Fisher,605233
,NYM,Deven Marrero,SS,0,0,0.0,0,2022,2021,Deven,Marrero,571918
,TOR,Dexter Fowler,RF,0,0,0.0,0,2022,2021,Dexter,Fowler,451594
,CHC,Dixon Machado,2B,0,0,0.0,0,2022,2021,Dixon,Machado,553988
,SD,Domingo Leyba,SS,0,0,0.0,0,2022,2021,Domingo,Leyba,642736
SF,CIN,Donovan Solano,2B/SS,1,4500000,4500000.0,1,2022,2021,Donovan,Solano,456781
,SF,Drew Jackson,SS,0,0,0.0,0,2022,2021,Drew,Jackson,623515
,PHI,Drew Maggi,SS,0,0,0.0,0,2022,2021,Drew,Maggi,543482
,ARI,Drew Stankiewicz,2B,0,0,0.0,0,2022,2021,Drew,Stankiewicz,
,CHW,Dwight Smith Jr.,RF,0,0,0.0,0,2022,2021,Dwight,Smith Jr.,596105
ATL,ATL,Eddie Rosario,LF,2,18000000,9000000.0,1,2022,2021,Eddie,Rosario,592696
,CLE,Edgar Gamargo,C,0,0,0.0,0,2022,2021,Edgar,Gamargo,
MIL,NYM,Eduardo Escobar,3B,2,20000000,10000000.0,1,2022,2021,Eduardo,Escobar,500871
,HOU,Edwin Díaz,3B,0,-1,0.0,0,2022,2021,Edwin,Díaz,621242
ATL,WSH,Ehire Adrianza,SS,1,1500000,1500000.0,1,2022,2021,Ehire,Adrianza,501303
,MIN,Elliot Soto,SS,0,0,0.0,0,2022,2021,Elliot,Soto,519303
OAK,CHW,Elvis Andrus,SS,1,700000,700000.0,1,2022,2021,Elvis,Andrus,462101
,NYM,Ender Inciarte,CF,1,1100000,1100000.0,0,2022,2021,Ender,Inciarte,542255
OS,OAK,Eric Thames,1B,0,0,0.0,0,2022,2021,Eric,Thames,519346
,SEA,Erick Mejia,2B,0,0,0.0,0,2022,2021,Erick,Mejia,625510
,MIA,Erik Gonzalez,SS,0,0,0.0,0,2022,2021,Erik,Gonzalez,570481
,STL,Errol Robinson,SS,0,0,0.0,0,2022,2021,Errol,Robinson,
,BOS,Franchy Cordero,RF/1B,0,0,0.0,0,2022,2021,Franchy,Cordero,614173
,HOU,Franklin Barreto,SS,0,0,0.0,0,2022,2021,Franklin,Barreto,620439
,DET,Fraudy Rodriguez,C,0,0,0.0,0,2022,2021,Fraudy,Rodriguez,
ATL,LAD,Freddie Freeman,1B,6,162000000,27000000.0,1,2022,2021,Freddie,Freeman,518692
OS,WSH,Gerardo Parra,RF,0,0,0.0,0,2022,2021,Gerardo,Parra,467827
,TOR,Gosuke Katoh,2B,0,0,0.0,0,2022,2021,Gosuke,Katoh,641741
,ARI,Grayson Greiner,C,0,0,0.0,0,2022,2021,Grayson,Greiner,606988
,NYY,Greg Bird,1B,1,1000000,1000000.0,0,2022,2021,Greg,Bird,595885
KC,LAD,Hanser Alberto,2B,1,1600000,1600000.0,1,2022,2021,Hanser,Alberto,593643
,ATL,Hernán Pérez,2B,0,0,0.0,0,2022,2021,Hernán,Pérez,541650
,WSH,Ildemaro Vargas,2B,0,0,0.0,0,2022,2021,Ildemaro,Vargas,545121
,CIN,Isiah Gilliam,OF,0,0,0.0,0,2022,2021,Isiah,Gilliam,
,ATL,Isrrael De La Cruz,INF,0,0,0.0,0,2022,2021,Isrrael,De La Cruz,
,KC,Ivan Castillo,SS,0,0,0.0,0,2022,2021,Ivan,Castillo,622668
,CIN,J.T. Riddle,SS,0,0,0.0,0,2022,2021,J.T.,Riddle,595375
BOS,TOR,Jackie Bradley Jr.,CF,1,700000,700000.0,1,2022,2021,Jackie,Bradley Jr.,598265
,BAL,Jacob Nottingham,C,0,0,0.0,0,2022,2021,Jacob,Nottingham,641924
,KC,Jacoby Jones,CF,0,0,0.0,0,2022,2021,Jacoby,Jones,592444
,LAD,Jahmai Jones,OF,0,0,0.0,0,2022,2021,Jahmai,Jones,663330
,CIN,Jake Bauers,1B/OF,0,0,0.0,0,2022,2021,Jake,Bauers,641343
,ARI,Jake Hager,OF/2B,0,0,0.0,0,2022,2021,Jake,Hager,606993
,LAD,Jake Lamb,1B,1,1500000,1500000.0,0,2022,2021,Jake,Lamb,571875
SD,PIT,Jake Marisnick,CF,1,1300000,1300000.0,1,2022,2021,Jake,Marisnick,545350
,MIL,Jakson Reetz,C,0,0,0.0,0,2022,2021,Jakson,Reetz,656883
,ATL,Jalen Miller,SS,0,0,0.0,0,2022,2021,Jalen,Miller,
,MIL,Jason Lopez,C,0,0,0.0,0,2022,2021,Jason,Lopez,
,LAD,Jason Martin,OF,0,0,0.0,0,2022,2021,Jason,Martin,641829
NYM,DET,Javier Báez,SS/2B,6,140000000,23333333.0,1,2022,2021,Javier,Báez,595879
,MIL,Jean Carmona,SS,0,0,0.0,0,2022,2021,Jean,Carmona,
OAK,OAK,Jed Lowrie,2B,1,850000,850000.0,1,2022,2021,Jed,Lowrie,476704
,ARI,Jeison Guzmán,SS,0,0,0.0,0,2022,2021,Jeison,Guzmán,
,BAL,Jesús Aguilar,1B,1,0,0.0,0,2022,2021,Jesús,Aguilar,542583
ATL,SF,Joc Pederson,LF,1,6000000,6000000.0,1,2022,2021,Joc,Pederson,592626
,TB,Joe Hudson,C,0,0,0.0,0,2022,2021,Joe,Hudson,116265
,WSH,Joey Meneses,1B/DH,0,0,0.0,0,2022,2021,Joey,Meneses,608841
ATL,PHI,Johan Camargo,3B,1,1400000,1400000.0,1,2022,2021,Johan,Camargo,622666
,BOS,Johan Mieses,CF,0,0,0.0,0,2022,2021,Johan,Mieses,
,CHC,John Hicks,C/1B,0,0,0.0,0,2022,2021,John,Hicks,543308
,WSH,John Nogowski,1B,0,0,0.0,0,2022,2021,John,Nogowski,596056
,NYM,Johneshwy Fargas,OF,0,0,0.0,0,2022,2021,Johneshwy,Fargas,641561
,TOR,Jommer Hernandez,C,0,0,0.0,0,2022,2021,Jommer,Hernandez,
,MIL,Jon Singleton,1B,0,0,0.0,0,2022,2021,Jon,Singleton,572138
,MIL,Jonathan Davis,CF,0,0,0.0,0,2022,2021,Jonathan,Davis,641505
,COL,Jonathan Morales,C,0,-1,0.0,0,2022,2021,Jonathan,Morales,
NYM,CHC,Jonathan Villar,SS/3B,1,6000000,6000000.0,1,2022,2021,Jonathan,Villar,542340
,ATL,Jordan Cowan,2B,0,0,0.0,0,2022,2021,Jordan,Cowan,
,TEX,Jordan Procyshen,C,0,0,0.0,0,2022,2021,Jordan,Procyshen,
ATL,MIA,Jorge Soler,DH/OF,3,36000000,12000000.0,1,2022,2021,Jorge,Soler,624585
,LAA,Jose Gomez,3B,0,0,0.0,0,2022,2021,Jose,Gomez,
BOS,COL,Jose Iglesias,SS,1,5000000,5000000.0,1,2022,2021,Jose,Iglesias,578428
,TOR,Josh Fuentes,1B,0,0,0.0,0,2022,2021,Josh,Fuentes,658069
OAK,CHW,Josh Harrison,2B/SS,1,5500000,5500000.0,1,2022,2021,Josh,Harrison,543281
,TEX,Josh Sale,OF,0,0,0.0,0,2022,2021,Josh,Sale,
,KC,José Briceño,C,0,0,0.0,0,2022,2021,José,Briceño,593993
,NYY,José Peraza,SS,0,0,0.0,0,2022,2021,José,Peraza,606299
,ARI,Juan Centeno,C,0,0,0.0,0,2022,2021,Juan,Centeno,518542
,ARI,Juan Graterol,C,0,0,0.0,0,2022,2021,Juan,Graterol,492802
,LAA,Juan Lagares,CF,0,0,0.0,0,2022,2021,Juan,Lagares,501571
,CIN,Juniel Querecuto,2B,0,0,0.0,0,2022,2021,Juniel,Querecuto,578570
LAA,SEA,Justin Upton,LF,1,700000,700000.0,1,2022,2021,Justin,Upton,457708
,LAA,Kean Wong,2B,0,0,0.0,0,2022,2021,Kean,Wong,642221
,CHW,Keegan Fish,C,0,0,0.0,0,2022,2021,Keegan,Fish,
,LAD,Kevin Pillar,CF,1,2500000,2500000.0,0,2022,2021,Kevin,Pillar,607680
BOS,TEX,Kevin Plawecki,C,1,700000,700000.0,1,2022,2021,Kevin,Plawecki,608700
ARI,TEX,Kole Calhoun,RF/LF,1,5200000,5200000.0,1,2022,2021,Kole,Calhoun,594777
SF,COL,Kris Bryant,RF/3B,7,182000000,26000000.0,1,2022,2021,Kris,Bryant,592178
LAA,LAA,Kurt Suzuki,C,1,1750000,1750000.0,1,2022,2021,Kurt,Suzuki,435559
,COL,Kyle Holder,SS,0,0,0.0,0,2022,2021,Kyle,Holder,664060
BOS,PHI,Kyle Schwarber,LF,4,79000000,19750000.0,1,2022,2021,Kyle,Schwarber,656941
,ARI,Leandro Cedeno,1B,0,0,0.0,0,2022,2021,Leandro,Cedeno,660681
CHW,CHW,Leury García,2B,3,16500000,5500000.0,1,2022,2021,Leury,García,544725
,HOU,Lewis Brinson,CF,0,0,0.0,0,2022,2021,Lewis,Brinson,621446
,CHW,Luis Alexander Basabe,OF,0,0,0.0,0,2022,2021,Luis,Alexander Basabe,
,MIA,Luis Aviles,SS,0,0,0.0,0,2022,2021,Luis,Aviles,
,SF,Luis Gonzalez,CF,0,0,0.0,0,2022,2021,Luis,Gonzalez,114935
MIL,CLE,Luke Maile,C,1,900000,900000.0,1,2022,2021,Luke,Maile,571912
,LAA,Magneuris Sierra,CF,0,0,0.0,0,2022,2021,Magneuris,Sierra,642423
,WSH,Maikel Franco,3B,1,1250000,1250000.0,0,2022,2021,Maikel,Franco,596748
,TOR,Mallex Smith,LF,0,0,0.0,0,2022,2021,Mallex,Smith,605480
MIL,ATL,Manuel Pina,C,2,8000000,4000000.0,1,2022,2021,Manuel,Pina,
TOR,TEX,Marcus Semien,2B,7,175000000,25000000.0,1,2022,2021,Marcus,Semien,543760
OAK,NYM,Mark Canha,LF/1B,2,26500000,13250000.0,1,2022,2021,Mark,Canha,592192
,CHW,Mark Payton,LF,1,700000,700000.0,0,2022,2021,Mark,Payton,592622
,TEX,Matt Carpenter,3B/1B,1,2000000,2000000.0,0,2022,2021,Matt,Carpenter,572761
,OAK,Matt Davidson,DH,0,0,0.0,0,2022,2021,Matt,Davidson,571602
CHC,LAA,Matt Duffy,3B,1,1500000,1500000.0,1,2022,2021,Matt,Duffy,592274
,TEX,Meibrys Viloria,C,0,0,0.0,0,2022,2021,Meibrys,Viloria,650619
,DET,Michael De La Cruz,C,0,0,0.0,0,2022,2021,Michael,De La Cruz,
CHC,CHC,Michael Hermosillo,CF,1,707000,707000.0,1,2022,2021,Michael,Hermosillo,641684
,LAD,Michael Reed,OF,0,-1,0.0,0,2022,2021,Michael,Reed,605439
,SEA,Mike Ford,1B,0,0,0.0,0,2022,2021,Mike,Ford,645801
,STL,Moises Gomez,OF,0,0,0.0,0,2022,2021,Moises,Gomez,664332
,LAA,Monte Harrison,CF,0,0,0.0,0,2022,2021,Monte,Harrison,656509
,KC,Morgan McCullough,SS,0,0,0.0,0,2022,2021,Morgan,McCullough,
TB,WSH,Nelson Cruz,DH,1,15000000,15000000.0,1,2022,2021,Nelson,Cruz,112906
CIN,PHI,Nick Castellanos,DH/RF,5,100000000,20000000.0,1,2022,2021,Nick,Castellanos,592206
,CHW,Nick Ciuffo,C,0,0,0.0,0,2022,2021,Nick,Ciuffo,624419
,NYM,Nick Dini,C,0,0,0.0,0,2022,2021,Nick,Dini,664926
,LAA,Nick Horvath,OF,0,0,0.0,0,2022,2021,Nick,Horvath,
,TEX,Nick Tanielu,3B,0,0,0.0,0,2022,2021,Nick,Tanielu,
DET,HOU,Niko Goodrum,2B,1,2100000,2100000.0,1,2022,2021,Niko,Goodrum,592348
,SD,Nomar Mazara,RF,0,0,0.0,0,2022,2021,Nomar,Mazara,608577
PHI,PHI,Odubel Herrera,CF,1,1750000,1750000.0,1,2022,2021,Odubel,Herrera,546318
,LAA,Osmy Gregorio,SS,0,0,0.0,0,2022,2021,Osmy,Gregorio,
,CHC,P.J. Higgins,C,0,0,0.0,0,2022,2021,P.J.,Higgins,664731
,ATL,Pat Valaika,SS,1,775000,775000.0,0,2022,2021,Pat,Valaika,642162
,CHW,Patrick Kivlehan,RF,0,0,0.0,0,2022,2021,Patrick,Kivlehan,623182
BAL,MIL,Pedro Severino,C,1,1900000,1900000.0,1,2022,2021,Pedro,Severino,600474
,ATL,Philip Gosselin,2B,0,0,0.0,0,2022,2021,Philip,Gosselin,594838
,NYY,Phillip Evans,3B,0,0,0.0,0,2022,2021,Phillip,Evans,595943
,ATL,Preston Tucker,LF,0,0,0.0,0,2022,2021,Preston,Tucker,605512
,DET,Quincy Nieporte,1B,0,0,0.0,0,2022,2021,Quincy,Nieporte,
,WSH,Richard Urena,SS,0,0,0.0,0,2022,2021,Richard,Urena,620446
,SF,Riley Mahan,2B,0,0,0.0,0,2022,2021,Riley,Mahan,
,SEA,Riley Unroe,SS,0,0,0.0,0,2022,2021,Riley,Unroe,
,STL,Roberto Baldoquin,2B,0,0,0.0,0,2022,2021,Roberto,Baldoquin,
CLE,PIT,Roberto Pérez,C,1,5000000,5000000.0,1,2022,2021,Roberto,Pérez,547379
NYM,SD,Robinson Canó,DH/2B,1,700000,700000.0,1,2022,2021,Robinson,Canó,429664
CHC,BAL,Robinson Chirinos,C/1B,1,900000,900000.0,1,2022,2021,Robinson,Chirinos,455139
,PHI,Roman Quinn,CF,0,0,0.0,0,2022,2021,Roman,Quinn,596451
,NYY,Ronald Guzman,1B,0,0,0.0,0,2022,2021,Ronald,Guzman,608597
,PHI,Ronald Torreyes,2B,0,0,0.0,0,2022,2021,Ronald,Torreyes,591720
,WSH,Rudy Martin,RF,0,-1,0.0,0,2022,2021,Rudy,Martin,
,ATL,Ryan Casteel,C,0,0,0.0,0,2022,2021,Ryan,Casteel,
,NYY,Ryan LaMarre,LF,0,0,0.0,0,2022,2021,Ryan,LaMarre,534606
,DET,Ryan Lavarnway,C,0,0,0.0,0,2022,2021,Ryan,Lavarnway,543432
,CHW,Ryder Jones,P/1B,0,0,0.0,0,2022,2021,Ryder,Jones,624507
OS,TB,Ryon Healy,1B/DH,0,0,0.0,0,2022,2021,Ryon,Healy,592387
,TEX,Sandro Fabian,OF,0,0,0.0,0,2022,2021,Sandro,Fabian,660758
,CIN,Sandy León,C,0,0,0.0,0,2022,2021,Sandy,León,506702
,MIA,Santiago Chavez,C,0,0,0.0,0,2022,2021,Santiago,Chavez,
,SEA,Scott Heineman,OF,0,0,0.0,0,2022,2021,Scott,Heineman,595981
,COL,Scott Schebler,CF,0,0,0.0,0,2022,2021,Scott,Schebler,594988
JPN,CHC,Seiya Suzuki,RF/OF,5,85000000,17000000.0,1,2022,2021,Seiya,Suzuki,673548
,SEA,Seth Mejias-Brean,3B,0,0,0.0,0,2022,2021,Seth,Mejias-Brean,623180
,SD,Shogo Akiyama,OF,0,0,0.0,0,2022,2021,Shogo,Akiyama,673451
OAK,NYM,Starling Marte,RF,4,78000000,19500000.0,1,2022,2021,Starling,Marte,516782
,LAD,Stefen Romero,LF,0,0,0.0,0,2022,2021,Stefen,Romero,552662
,CIN,Stephen Piscotty,RF,0,0,0.0,0,2022,2021,Stephen,Piscotty,572039
ATL,OAK,Stephen Vogt,C,1,850000,850000.0,1,2022,2021,Stephen,Vogt,519390
,SEA,Steven Souza,RF,1,1000000,1000000.0,0,2022,2021,Steven,Souza,519306
,TOR,Stevie Berman,C,0,0,0.0,0,2022,2021,Stevie,Berman,
,PIT,Taylor Davis,C,0,0,0.0,0,2022,2021,Taylor,Davis,543089
,SEA,Taylor Featherston,2B,0,0,0.0,0,2022,2021,Taylor,Featherston,605227
,WSH,Taylor Gushue,C,0,0,0.0,0,2022,2021,Taylor,Gushue,656494
,ATL,Taylor Motter,SS,0,0,0.0,0,2022,2021,Taylor,Motter,600301
,MIN,Tim Beckham,3B,0,0,0.0,0,2022,2021,Tim,Beckham,542921
BOS,NYY,Tim Locastro,OF,1,900000,900000.0,1,2022,2021,Tim,Locastro,641796
,COL,Timmy Lopes,2B,0,0,0.0,0,2022,2021,Timmy,Lopes,
SD,CIN,Tommy Pham,LF,1,7500000,7500000.0,1,2022,2021,Tommy,Pham,502054
,LAD,Tomás Telis,1B,0,0,0.0,0,2022,2021,Tomás,Telis,542513
,NYM,Travis Jankowski,LF,0,0,0.0,0,2022,2021,Travis,Jankowski,608671
,BOS,Travis Shaw,1B/3B,1,1500000,1500000.0,0,2022,2021,Travis,Shaw,543768
,DET,Trayce Thompson,CF,0,0,0.0,0,2022,2021,Trayce,Thompson,572204
COL,BOS,Trevor Story,SS,6,140000000,23333333.0,1,2022,2021,Trevor,Story,596115
,LAD,Ty Kelly,3B/LF,0,0,0.0,0,2022,2021,Ty,Kelly,571841
,TOR,Tyler Heineman,C,0,0,0.0,0,2022,2021,Tyler,Heineman,623168
,COL,Tyler Hill,OF,0,0,0.0,0,2022,2021,Tyler,Hill,
,MIL,Tyler White,1B,0,0,0.0,0,2022,2021,Tyler,White,643603
,NYM,Tzu-Wei Lin,SS,0,0,0.0,0,2022,2021,Tzu-Wei,Lin,624407
,HOU,Victor Diaz,C,0,0,0.0,0,2022,2021,Victor,Diaz,
,PHI,Wendell Rijo,2B,0,0,0.0,0,2022,2021,Wendell,Rijo,
,NYY,Wilkerman Garcia,SS,0,0,0.0,0,2022,2021,Wilkerman,Garcia,
,MIA,Willians Astudillo,C,0,0,0.0,0,2022,2021,Willians,Astudillo,553902
,ARI,Wilmer Difo,SS,0,0,0.0,0,2022,2021,Wilmer,Difo,594694
,COL,Wynton Bernard,LF,0,0,0.0,0,2022,2021,Wynton,Bernard,592144
,ARI,Yadiel Rivera,2B,0,0,0.0,0,2022,2021,Yadiel,Rivera,592680
,PHI,Yairo Munoz,SS,0,0,0.0,0,2022,2021,Yairo,Munoz,622168
OAK,CHC,Yan Gomes,C,2,13000000,6500000.0,1,2022,2021,Yan,Gomes,543228
,ATL,Yariel Gonzalez,1B,0,0,0.0,0,2022,2021,Yariel,Gonzalez,
,TEX,Yohel Pozo,C,0,0,0.0,0,2022,2021,Yohel,Pozo,650968
,BOS,Yolmer Sánchez,2B,0,0,0.0,0,2022,2021,Yolmer,Sánchez,570560
PIT,PIT,Yoshitomo Tsutsugo,1B,1,4000000,4000000.0,1,2022,2021,Yoshitomo,Tsutsugo,660294
CHW,SEA,A.J. Pollock,LF,1,7000000,7000000.0,1,2023,2022,A.J.,Pollock,572041
NYY,BAL,Aaron Hicks,CF,1,720000,720000.0,1,2023,2022,Aaron,Hicks,543305
NYY,NYY,Aaron Judge,CF,9,360000000,40000000.0,1,2023,2022,Aaron,Judge,592450
,LAA,Aaron Whitefield,OF,0,0,0.0,0,2023,2022,Aaron,Whitefield,664334
,TOR,Abiezel Ramirez,SS,0,0,0.0,0,2023,2022,Abiezel,Ramirez,
,NYM,Abraham Almonte,CF,0,0,0.0,0,2023,2022,Abraham,Almonte,501659
ATL,BOS,Adam Duvall,RF,1,7000000,7000000.0,1,2023,2022,Adam,Duvall,594807
CHW,SD,Adam Engel,RF,1,1000000,1000000.0,1,2023,2022,Adam,Engel,641553
SEA,BAL,Adam Frazier,2B/RF/DH,1,8000000,8000000.0,1,2023,2022,Adam,Frazier,624428
,ATL,Adeiny Hechavarria,SS,0,0,0.0,0,2023,2022,Adeiny,Hechavarria,588751
HOU,OAK,Aledmys Diaz,SS,2,14500000,7250000.0,1,2023,2022,Aledmys,Diaz,649557
,MIA,Alex De Goti,SS,0,0,0.0,0,2023,2022,Alex,De Goti,621008
,SD,Alfonso Rivas,1B,0,0,0.0,0,2023,2022,Alfonso,Rivas,663845
,CIN,Allan Cerda,OF,0,0,0.0,0,2023,2022,Allan,Cerda,
NYY,CHW,Andrew Benintendi,LF/OF,5,75000000,15000000.0,1,2023,2022,Andrew,Benintendi,643217
,HOU,Andrew Knapp,C,0,0,0.0,0,2023,2022,Andrew,Knapp,595284
MIL,PIT,Andrew McCutchen,RF/RF,1,5000000,5000000.0,1,2023,2022,Andrew,McCutchen,457705
,MIN,Andrew Stevenson,OF,0,0,0.0,0,2023,2022,Andrew,Stevenson,664057
,CIN,Andrew Yerzy,C,0,0,0.0,0,2023,2022,Andrew,Yerzy,
NYY,NYY,Anthony Rizzo,1B,2,40000000,20000000.0,1,2023,2022,Anthony,Rizzo,519203
,PHI,Aramis Garcia,C,0,0,0.0,0,2023,2022,Aramis,Garcia,605244
,STL,Arquimedes Gamboa,SS,0,0,0.0,0,2023,2022,Arquimedes,Gamboa,
,MIA,Austin Allen,C,0,-1,0.0,0,2023,2022,Austin,Allen,664119
CLE,PIT,Austin Hedges,C,1,5000000,5000000.0,1,2023,2022,Austin,Hedges,595978
,CIN,Austin Romine,C,0,0,0.0,0,2023,2022,Austin,Romine,519222
SF,LAD,Austin Wynns,C,1,720000,720000.0,1,2023,2022,Austin,Wynns,642851
,BAL,Ben DeLuzio,CF,0,0,0.0,0,2023,2022,Ben,DeLuzio,641512
,TB,Ben Gamel,RF,0,0,0.0,0,2023,2022,Ben,Gamel,592325
,TB,Billy Hamilton,CF,0,0,0.0,0,2023,2022,Billy,Hamilton,571740
,NYY,Billy McKinney,OF,0,0,0.0,0,2023,2022,Billy,McKinney,641856
NYY,MIL,Blake Perkins,RF,1,720000,720000.0,1,2023,2022,Blake,Perkins,663368
,WSH,Blake Rutherford,OF,0,0,0.0,0,2023,2022,Blake,Rutherford,666164
,BOS,Bradley Zimmer,RF,0,0,0.0,0,2023,2022,Bradley,Zimmer,605548
SF,TOR,Brandon Belt,1B,1,9300000,9300000.0,1,2023,2022,Brandon,Belt,474832
SD,LAA,Brandon Drury,2B/3B,2,17000000,8500000.0,1,2023,2022,Brandon,Drury,592273
NYM,NYM,Brandon Nimmo,CF,8,162000000,20250000.0,1,2023,2022,Brandon,Nimmo,607043
,DET,Brendon Davis,SS,0,-1,0.0,0,2023,2022,Brendon,Davis,663478
,COL,Bret Boswell,2B,0,0,0.0,0,2023,2022,Bret,Boswell,
BAL,LAA,Brett Phillips,RF,1,1200000,1200000.0,1,2023,2022,Brett,Phillips,621433
MIA,MIL,Brian Anderson,3B/RF,1,3500000,3500000.0,1,2023,2022,Brian,Anderson,605119
,SEA,Brian O'Keefe,C,0,0,0.0,0,2023,2022,Brian,O'Keefe,657247
,DET,Bryan Encarnacion,INF,0,0,0.0,0,2023,2022,Bryan,Encarnacion,
,STL,Bryan Torres,OF,0,0,0.0,0,2023,2022,Bryan,Torres,
,CLE,Bryce Ball,1B,0,0,0.0,0,2023,2022,Bryce,Ball,
,LAD,Bryson Brigman,SS,0,0,0.0,0,2023,2022,Bryson,Brigman,
,MIA,C.J. Hinojosa,SS,0,0,0.0,0,2023,2022,C.J.,Hinojosa,
,CLE,Cam Gallagher,C,1,1250000,1250000.0,0,2023,2022,Cam,Gallagher,595956
,LAA,Cam Williams,3B,0,0,0.0,0,2023,2022,Cam,Williams,
MIN,MIN,Carlos Correa,SS/SS,6,200000000,33333333.0,1,2023,2022,Carlos,Correa,621043
SEA,PIT,Carlos Santana,1B/DH,1,6725000,6725000.0,1,2023,2022,Carlos,Santana,467793
ARI,DET,Carson Kelly,C,1,720000,720000.0,1,2023,2022,Carson,Kelly,608348
,MIN,Carson McCusker,OF,0,0,0.0,0,2023,2022,Carson,McCusker,676812
,ATL,Chad Pinder,LF,0,0,0.0,0,2023,2022,Chad,Pinder,640461
,LAA,Chad Wallach,C,1,720000,720000.0,0,2023,2022,Chad,Wallach,595453
,MIN,Chance Sisco,C,0,0,0.0,0,2023,2022,Chance,Sisco,642082
,ATL,Charlie Culberson,3B,0,0,0.0,0,2023,2022,Charlie,Culberson,518586
,DET,Chase Barbary,C,0,0,0.0,0,2023,2022,Chase,Barbary,
,KC,Chris Burke,C,0,0,0.0,0,2023,2022,Chris,Burke,429663
,LAA,Chris Okey,C,0,0,0.0,0,2023,2022,Chris,Okey,608360
,PIT,Chris Owings,SS,1,720000,720000.0,0,2023,2022,Chris,Owings,572008
,CHW,Chris Shaw,1B,0,0,0.0,0,2023,2022,Chris,Shaw,622046
,SF,Christian Avendano,OF,0,0,0.0,0,2023,2022,Christian,Avendano,
HOU,MIN,Christian Vazquez,C,3,30000000,10000000.0,1,2023,2022,Christian,Vazquez,543877
,CIN,Chuckie Robinson,C,0,0,0.0,0,2023,2022,Chuckie,Robinson,642020
,SF,Clint Coulter,RF,0,0,0.0,0,2023,2022,Clint,Coulter,
,CHW,Clint Frazier,OF,0,0,0.0,0,2023,2022,Clint,Frazier,640449
LAD,CHC,Cody Bellinger,CF/1B,1,17500000,17500000.0,1,2023,2022,Cody,Bellinger,641355
,COL,Cole Tucker,SS/RF,0,0,0.0,0,2023,2022,Cole,Tucker,657061
,SEA,Colin Moran,1B,0,0,0.0,0,2023,2022,Colin,Moran,592567
,SF,Colton Welker,3B,0,0,0.0,0,2023,2022,Colton,Welker,666213
,SF,Connor Cannon,1B,0,0,0.0,0,2023,2022,Connor,Cannon,
,COL,Connor Kaiser,SS,0,0,0.0,0,2023,2022,Connor,Kaiser,663731
,TEX,Cooper Johnson,C,0,0,0.0,0,2023,2022,Cooper,Johnson,
STL,WSH,Corey Dickerson,LF,1,2250000,2250000.0,1,2023,2022,Corey,Dickerson,572816
SEA,CIN,Curt Casali,C,1,3250000,3250000.0,1,2023,2022,Curt,Casali,592200
,BAL,Curtis Terry,1B,0,0,0.0,0,2023,2022,Curtis,Terry,663799
,SEA,César Hernández,2B,0,0,0.0,0,2023,2022,César,Hernández,514917
,NYM,D.J. Stewart,LF,0,0,0.0,0,2023,2022,D.J.,Stewart,
,DET,DJ Peters,OF,0,-1,0.0,0,2023,2022,DJ,Peters,656847
,COL,Daniel Amaral,OF,0,0,0.0,0,2023,2022,Daniel,Amaral,
,SD,Daniel Johnson,RF,0,0,0.0,0,2023,2022,Daniel,Johnson,669288
,LAA,Daniel Murphy,1B,0,0,0.0,0,2023,2022,Daniel,Murphy,502517
,NYM,Daniel Palka,LF,0,0,0.0,0,2023,2022,Daniel,Palka,594953
,ATL,Daniel Robertson,SS,0,0,0.0,0,2023,2022,Daniel,Robertson,621002
CHW,NYM,Danny Mendick,2B/SS,1,1000000,1000000.0,1,2023,2022,Danny,Mendick,664901
ATL,CHC,Dansby Swanson,SS,7,177000000,25285714.0,1,2023,2022,Dansby,Swanson,621020
,NYM,Dariel Gomez,1B,0,0,0.0,0,2023,2022,Dariel,Gomez,
SF,MIL,Darin Ruf,1B/OF,1,720000,720000.0,1,2023,2022,Darin,Ruf,573131
,SD,David Dahl,OF,0,0,0.0,0,2023,2022,David,Dahl,621311
,LAD,David Freitas,C,0,0,0.0,0,2023,2022,David,Freitas,571679
,TEX,David Garcia,C,0,0,0.0,0,2023,2022,David,Garcia,
TB,LAD,David Peralta,LF,1,6500000,6500000.0,1,2023,2022,David,Peralta,444482
,LAD,Dayton Dooney,2B,0,0,0.0,0,2023,2022,Dayton,Dooney,
,SEA,Delino DeShields,CF,0,0,0.0,0,2023,2022,Delino,DeShields,592261
,NYY,Delvin Perez,SS,0,0,0.0,0,2023,2022,Delvin,Perez,666206
,WSH,Derek Hill,OF,0,0,0.0,0,2023,2022,Derek,Hill,656537
,SEA,Didi Gregorius,SS,1,1500000,1500000.0,0,2023,2022,Didi,Gregorius,544369
,DET,Diego Rincones,OF,0,0,0.0,0,2023,2022,Diego,Rincones,
,HOU,Dixon Machado,2B,0,-1,0.0,0,2023,2022,Dixon,Machado,553988
,PIT,Dom Nunez,C,0,0,0.0,0,2023,2022,Dom,Nunez,624513
,PIT,Domingo Leyba,SS,0,0,0.0,0,2023,2022,Domingo,Leyba,642736
,ATL,Dominic Miroglio,C,0,0,0.0,0,2023,2022,Dominic,Miroglio,
NYM,WSH,Dominic Smith,1B/LF,1,2000000,2000000.0,1,2023,2022,Dominic,Smith,642086
,SF,Donnie Walton,SS,0,0,0.0,0,2023,2022,Donnie,Walton,
CIN,MIN,Donovan Solano,2B/SS,1,2000000,2000000.0,1,2023,2022,Donovan,Solano,456781
,PHI,Drew Ellis,3B,1,720000,720000.0,0,2023,2022,Drew,Ellis,656403
,PIT,Drew Maggi,SS,0,0,0.0,0,2023,2022,Drew,Maggi,543482
,PHI,Dustin Peterson,RF,0,0,0.0,0,2023,2022,Dustin,Peterson,640460
,BOS,Eddy Alvarez,2B,0,0,0.0,0,2023,2022,Eddy,Alvarez,657193
,BOS,Edwin Díaz,3B,0,-1,0.0,0,2023,2022,Edwin,Díaz,621242
LAD,CHC,Edwin Rios,3B,1,1000000,1000000.0,1,2023,2022,Edwin,Rios,621458
,ATL,Ehire Adrianza,SS,1,1000000,1000000.0,0,2023,2022,Ehire,Adrianza,501303
,ATL,Eli White,OF,0,0,0.0,0,2023,2022,Eli,White,642201
,TEX,Elier Hernandez,RF,0,0,0.0,0,2023,2022,Elier,Hernandez,609274
,MIN,Elliot Soto,SS,0,0,0.0,0,2023,2022,Elliot,Soto,519303
CHW,CHW,Elvis Andrus,SS,1,3000000,3000000.0,1,2023,2022,Elvis,Andrus,462101
BOS,CHC,Eric Hosmer,1B,1,720000,720000.0,1,2023,2022,Eric,Hosmer,543333
,WSH,Erick Mejia,2B,0,0,0.0,0,2023,2022,Erick,Mejia,625510
,CHW,Erik Gonzalez,SS,0,0,0.0,0,2023,2022,Erik,Gonzalez,570481
SF,ARI,Evan Longoria,3B,1,4000000,4000000.0,1,2023,2022,Evan,Longoria,446334
,ATL,Forrest Wall,OF,0,0,0.0,0,2023,2022,Forrest,Wall,657088
,BAL,Franchy Cordero,RF/1B,1,1350000,1350000.0,0,2023,2022,Franchy,Cordero,614173
,MIN,Francis Florentino,OF,0,0,0.0,0,2023,2022,Francis,Florentino,
,CHC,Francis Reynoso,INF,0,0,0.0,0,2023,2022,Francis,Reynoso,
,WSH,Francisco Arcia,C,0,0,0.0,0,2023,2022,Francisco,Arcia,516472
,WSH,Franklin Barreto,SS,0,0,0.0,0,2023,2022,Franklin,Barreto,620439
,WSH,Franmil Reyes,DH/OF,0,0,0.0,0,2023,2022,Franmil,Reyes,614177
,MIA,Garrett Hampson,SS,0,0,0.0,0,2023,2022,Garrett,Hampson,641658
,HOU,Garrett Wolforth,C,0,0,0.0,0,2023,2022,Garrett,Wolforth,
,NYM,Gary Sánchez,C/C,1,1500000,1500000.0,0,2023,2022,Gary,Sánchez,596142
,TB,Gavin Collins,C,0,0,0.0,0,2023,2022,Gavin,Collins,
,BAL,Gilbert Lara,3B,0,0,0.0,0,2023,2022,Gilbert,Lara,
,COL,Grayson Greiner,C,0,0,0.0,0,2023,2022,Grayson,Greiner,606988
,BOS,Greg Allen,OF,0,0,0.0,0,2023,2022,Greg,Allen,656185
,OAK,Greg Deichmann,OF,0,0,0.0,0,2023,2022,Greg,Deichmann,656364
,KC,Greyson Jenista,1B,0,0,0.0,0,2023,2022,Greyson,Jenista,
,CHW,Hanser Alberto,2B,1,1300000,1300000.0,0,2023,2022,Hanser,Alberto,593643
,COL,Harold Castro,3B,1,1300000,1300000.0,0,2023,2022,Harold,Castro,605612
,CIN,Henry Ramos,OF,0,0,0.0,0,2023,2022,Henry,Ramos,592656
,MIN,Hernán Pérez,2B,0,0,0.0,0,2023,2022,Hernán,Pérez,541650
,ATL,Hudson Potts,3B,0,0,0.0,0,2023,2022,Hudson,Potts,
,SEA,Isiah Gilliam,OF,0,0,0.0,0,2023,2022,Isiah,Gilliam,
,PHI,Ismael Perez,OF,0,0,0.0,0,2023,2022,Ismael,Perez,
,LAD,Ivan Castillo,SS,0,0,0.0,0,2023,2022,Ivan,Castillo,622668
BOS,LAD,J.D. Martinez,DH/RF,1,10000000,10000000.0,1,2023,2022,J.D.,Martinez,502110
MIL,OAK,Jace Peterson,3B,2,9500000,4750000.0,1,2023,2022,Jace,Peterson,607054
,LAA,Jack López,SS,0,0,0.0,0,2023,2022,Jack,López,605346
,KC,Jackie Bradley Jr.,CF,1,900000,900000.0,0,2023,2022,Jackie,Bradley Jr.,598265
,WSH,Jacob Nottingham,C,0,0,0.0,0,2023,2022,Jacob,Nottingham,641924
,MIL,Jahmai Jones,OF,0,0,0.0,0,2023,2022,Jahmai,Jones,663330
,NYY,Jake Bauers,1B/OF,0,0,0.0,0,2023,2022,Jake,Bauers,641343
,ARI,Jake Hager,OF/2B,0,0,0.0,0,2023,2022,Jake,Hager,606993
,NYY,Jake Lamb,1B,0,0,0.0,0,2023,2022,Jake,Lamb,571875
,COL,Jake MacKenzie,SS,0,0,0.0,0,2023,2022,Jake,MacKenzie,
,CHW,Jake Marisnick,CF,0,0,0.0,0,2023,2022,Jake,Marisnick,545350
,WSH,Jake Noll,2B,0,0,0.0,0,2023,2022,Jake,Noll,669738
,SF,Jakson Reetz,C,0,0,0.0,0,2023,2022,Jakson,Reetz,656883
,ARI,Jancarlos Cintron,SS,0,0,0.0,0,2023,2022,Jancarlos,Cintron,
,SD,Jantzen Witte,INF,0,0,0.0,0,2023,2022,Jantzen,Witte,
,LAD,Jason Heyward,RF/RF/CF/CF,1,720000,720000.0,0,2023,2022,Jason,Heyward,518792
,CIN,Jason Vosler,3B,1,1000000,1000000.0,0,2023,2022,Jason,Vosler,613564
,NYM,Jaylin Davis,RF,0,0,0.0,0,2023,2022,Jaylin,Davis,664041
PHI,MIA,Jean Segura,3B/2B,2,17000000,8500000.0,1,2023,2022,Jean,Segura,516416
,TB,Jeffry Parra,C,0,0,0.0,0,2023,2022,Jeffry,Parra,
DET,WSH,Jeimer Candelario,3B,1,5000000,5000000.0,1,2023,2022,Jeimer,Candelario,600869
,KC,Jermaine Palacios,SS,0,0,0.0,0,2023,2022,Jermaine,Palacios,650339
BAL,OAK,Jesús Aguilar,1B,1,3000000,3000000.0,1,2023,2022,Jesús,Aguilar,542583
,KC,Jhosmmel Zue,C,0,0,0.0,0,2023,2022,Jhosmmel,Zue,
,PHI,Jim Haley,3B,0,0,0.0,0,2023,2022,Jim,Haley,
SF,SF,Joc Pederson,LF,1,19650000,19650000.0,1,2023,2022,Joc,Pederson,592626
,ATL,Joe Hudson,C,0,0,0.0,0,2023,2022,Joe,Hudson,116265
,TEX,Joe McCarthy,RF,0,0,0.0,0,2023,2022,Joe,McCarthy,524329
,PIT,Joe Perez,3B,0,-1,0.0,0,2023,2022,Joe,Perez,669309
,MIA,Joe Rizzo,3B,0,0,0.0,0,2023,2022,Joe,Rizzo,
LAD,MIN,Joey Gallo,1B/OF,1,11000000,11000000.0,1,2023,2022,Joey,Gallo,608336
,SF,Johan Camargo,3B,0,0,0.0,0,2023,2022,Johan,Camargo,622666
,PHI,John Hicks,C/1B,0,0,0.0,0,2023,2022,John,Hicks,543308
,HOU,Jon Singleton,1B,0,0,0.0,0,2023,2022,Jon,Singleton,572138
,DET,Jonathan Davis,CF,0,0,0.0,0,2023,2022,Jonathan,Davis,641505
,ARI,Jonathan Guzmán,SS,0,0,0.0,0,2023,2022,Jonathan,Guzmán,
,SEA,Jordan Cowan,2B,0,0,0.0,0,2023,2022,Jordan,Cowan,
ARI,ATL,Jordan Luplow,RF/LF/1B,1,1400000,1400000.0,1,2023,2022,Jordan,Luplow,656669
,TEX,Jordan Procyshen,C,0,0,0.0,0,2023,2022,Jordan,Procyshen,
,MIA,Jorge Alfaro,C,0,0,0.0,0,2023,2022,Jorge,Alfaro,595751
,KC,Jorge Bonifacio,RF,0,0,0.0,0,2023,2022,Jorge,Bonifacio,593528
CHW,HOU,Jose Abreu,1B/DH,3,58500000,19500000.0,1,2023,2022,Jose,Abreu,547989
,NYY,Jose Godoy,C,1,720000,720000.0,0,2023,2022,Jose,Godoy,
,LAA,Jose Gomez,3B,0,0,0.0,0,2023,2022,Jose,Gomez,
,SD,Jose Iglesias,SS,0,0,0.0,0,2023,2022,Jose,Iglesias,578428
SD,CLE,Josh Bell,1B/1B,2,33000000,16500000.0,1,2023,2022,Josh,Bell,458679
,MIL,Josh Donaldson,3B,0,0,0.0,0,2023,2022,Josh,Donaldson,518626
,ATL,Josh Fuentes,1B,0,0,0.0,0,2023,2022,Josh,Fuentes,658069
CHW,PHI,Josh Harrison,2B/SS,1,2000000,2000000.0,1,2023,2022,Josh,Harrison,543281
,BAL,Josh Lester,1B,1,720000,720000.0,0,2023,2022,Josh,Lester,623507
,SEA,Josh Morgan,SS,0,0,0.0,0,2023,2022,Josh,Morgan,
,TEX,Josh Sale,OF,0,0,0.0,0,2023,2022,Josh,Sale,
,MIL,Josh VanMeter,2B,0,-1,0.0,0,2023,2022,Josh,VanMeter,642165
,NYM,José Peraza,SS,0,0,0.0,0,2023,2022,José,Peraza,606299
,ARI,Julio Carrion,3B,0,0,0.0,0,2023,2022,Julio,Carrion,
,DET,Julio E. Rodriguez,C,0,0,0.0,0,2023,2022,Julio,E. Rodriguez,
,STL,Juniel Querecuto,2B,0,0,0.0,0,2023,2022,Juniel,Querecuto,578570
SD,COL,Jurickson Profar,LF,1,7750000,7750000.0,1,2023,2022,Jurickson,Profar,595777
LAD,BOS,Justin Turner,3B/1B,2,21700000,10850000.0,1,2023,2022,Justin,Turner,457759
,OAK,Kevin Cron,1B,0,0,0.0,0,2023,2022,Kevin,Cron,605196
TB,TOR,Kevin Kiermaier,CF,1,9000000,9000000.0,1,2023,2022,Kevin,Kiermaier,595281
,LAA,Kevin Padlo,3B,1,720000,720000.0,0,2023,2022,Kevin,Padlo,656821
,ATL,Kevin Pillar,CF,1,3000000,3000000.0,0,2023,2022,Kevin,Pillar,607680
,SD,Kevin Plawecki,C,0,0,0.0,0,2023,2022,Kevin,Plawecki,608700
,ARI,Kevin Vicuña,SS,0,0,0.0,0,2023,2022,Kevin,Vicuña,
,LAD,Kole Calhoun,RF/LF,0,0,0.0,0,2023,2022,Kole,Calhoun,594777
,LAD,Kolten Wong,2B,1,720000,720000.0,0,2023,2022,Kolten,Wong,543939
,MIN,Leobaldo Cabrera,RF,0,0,0.0,0,2023,2022,Leobaldo,Cabrera,
,KC,Leonel Valera,SS,0,0,0.0,0,2023,2022,Leonel,Valera,
OS,SEA,Leonys Martin,CF,0,-1,0.0,0,2023,2022,Leonys,Martin,547982
,NYM,Lorenzo Cedrola,CF,0,0,0.0,0,2023,2022,Lorenzo,Cedrola,
,HOU,Luis Aviles,SS,0,0,0.0,0,2023,2022,Luis,Aviles,
,LAA,Luis Barrera,CF,0,0,0.0,0,2023,2022,Luis,Barrera,642456
,DET,Luis Santana,2B,0,0,0.0,0,2023,2022,Luis,Santana,
,SEA,Luis Torrens,C,0,0,0.0,0,2023,2022,Luis,Torrens,620443
,DET,Luis Watter,C,0,0,0.0,0,2023,2022,Luis,Watter,
ATL,SF,Luke Jackson,RP/RF,2,11500000,5750000.0,1,2023,2022,Luke,Jackson,592426
CLE,CIN,Luke Maile,C,1,1175000,1175000.0,1,2023,2022,Luke,Maile,571912
MIL,MIL,Luke Voit,1B,1,2000000,2000000.0,1,2023,2022,Luke,Voit,572228
,LAD,Luke Williams,SS,0,0,0.0,0,2023,2022,Luke,Williams,663897
,TOR,Lyle Lin,C,0,-1,0.0,0,2023,2022,Lyle,Lin,
,ATL,Magneuris Sierra,CF,0,0,0.0,0,2023,2022,Magneuris,Sierra,642423
,BOS,Marcus Wilson,OF,0,0,0.0,0,2023,2022,Marcus,Wilson,657129
,LAA,Mariano Ricciardi,2B,0,0,0.0,0,2023,2022,Mariano,Ricciardi,
,MIN,Mark Kolozsvary,C,0,0,0.0,0,2023,2022,Mark,Kolozsvary,656627
JPN,BOS,Masataka Yoshida,LF/OF,5,90000000,18000000.0,1,2023,2022,Masataka,Yoshida,807799
,WSH,Matt Adams,1B,0,0,0.0,0,2023,2022,Matt,Adams,571431
,KC,Matt Beaty,3B,1,720000,720000.0,0,2023,2022,Matt,Beaty,607461
NYY,SD,Matt Carpenter,3B/1B,2,12000000,6000000.0,1,2023,2022,Matt,Carpenter,572761
,KC,Matt Duffy,3B,1,1500000,1500000.0,0,2023,2022,Matt,Duffy,592274
,PHI,Max McDowell,C,0,0,0.0,0,2023,2022,Max,McDowell,
,SD,Max Schrock,SS,0,0,0.0,0,2023,2022,Max,Schrock,621011
,BAL,Meibrys Viloria,C,0,0,0.0,0,2023,2022,Meibrys,Viloria,650619
HOU,HOU,Michael Brantley,LF,1,12000000,12000000.0,1,2023,2022,Michael,Brantley,488726
,WSH,Michael Chavis,2B,1,1000000,1000000.0,0,2023,2022,Michael,Chavis,656308
NYM,SF,Michael Conforto,RF,2,36000000,18000000.0,1,2023,2022,Michael,Conforto,624424
,SD,Michael De La Cruz,C,0,0,0.0,0,2023,2022,Michael,De La Cruz,
,NYY,Michael Hermosillo,CF,0,0,0.0,0,2023,2022,Michael,Hermosillo,641684
,DET,Michael Papierski,C,0,-1,0.0,0,2023,2022,Michael,Papierski,657709
,NYM,Michael Perez,C,0,0,0.0,0,2023,2022,Michael,Perez,605421
,MIL,Michael Reed,OF,0,-1,0.0,0,2023,2022,Michael,Reed,605439
,SF,Michael Wielansky,SS,0,0,0.0,0,2023,2022,Michael,Wielansky,
,COL,Mike Moustakas,3B,1,720000,720000.0,0,2023,2022,Mike,Moustakas,519058
TB,CLE,Mike Zunino,C,1,6000000,6000000.0,1,2023,2022,Mike,Zunino,572287
SEA,SF,Mitch Haniger,LF,3,43500000,14500000.0,1,2023,2022,Mitch,Haniger,571745
,MIL,Monte Harrison,CF,0,0,0.0,0,2023,2022,Monte,Harrison,656509
,BOS,Narciso Crook,RF,0,0,0.0,0,2023,2022,Narciso,Crook,643271
,CHW,Nate Mondou,2B,0,0,0.0,0,2023,2022,Nate,Mondou,670148
WSH,SD,Nelson Cruz,DH,1,1000000,1000000.0,1,2023,2022,Nelson,Cruz,112906
,NYY,Nick Ciuffo,C,0,0,0.0,0,2023,2022,Nick,Ciuffo,624419
,TB,Nick Dini,C,0,0,0.0,0,2023,2022,Nick,Dini,664926
,CIN,Nick Martini,RF,0,0,0.0,0,2023,2022,Nick,Martini,605361
,PHI,Nick Podkul,3B,0,-1,0.0,0,2023,2022,Nick,Podkul,
,WSH,Nick Shumpert,2B,0,0,0.0,0,2023,2022,Nick,Shumpert,
,TEX,Nick Tanielu,3B,0,0,0.0,0,2023,2022,Nick,Tanielu,
,PHI,Nick Ward,2B,0,-1,0.0,0,2023,2022,Nick,Ward,
,BOS,Niko Goodrum,2B,0,0,0.0,0,2023,2022,Niko,Goodrum,592348
,BAL,Nomar Mazara,RF,0,0,0.0,0,2023,2022,Nomar,Mazara,608577
MIL,NYM,Omar Narváez,C,2,15000000,7500000.0,1,2023,2022,Omar,Narváez,553882
,NYM,Oscar Campos,C,0,0,0.0,0,2023,2022,Oscar,Campos,
,LAD,Oscar Mercado,OF,0,0,0.0,0,2023,2022,Oscar,Mercado,640458
,ARI,P.J. Higgins,C,0,0,0.0,0,2023,2022,P.J.,Higgins,664731
,OAK,Pablo Reyes,LF,0,0,0.0,0,2023,2022,Pablo,Reyes,622569
,SEA,Pat Valaika,SS,0,0,0.0,0,2023,2022,Pat,Valaika,642162
,LAD,Patrick Mazeika,C,0,-1,0.0,0,2023,2022,Patrick,Mazeika,664850
,SF,Paul DeJong,SS,0,0,0.0,0,2023,2022,Paul,DeJong,657557
,SD,Pedro Castellanos,LF,0,0,0.0,0,2023,2022,Pedro,Castellanos,
,SEA,Pedro Severino,C,0,0,0.0,0,2023,2022,Pedro,Severino,600474
,ARI,Phillip Evans,3B,0,0,0.0,0,2023,2022,Phillip,Evans,595943
,SD,Preston Tucker,LF,0,0,0.0,0,2023,2022,Preston,Tucker,605512
,NYM,Rafael Ortega,DH/CF,0,0,0.0,0,2023,2022,Rafael,Ortega,542364
BOS,MIL,Raimel Tapia,LF,1,720000,720000.0,1,2023,2022,Raimel,Tapia,606132
,SD,Rangel Ravelo,1B,0,0,0.0,0,2023,2022,Rangel,Ravelo,592660
,WSH,Richie Martin,SS,0,0,0.0,0,2023,2022,Richie,Martin,621006
,SEA,Riley Unroe,SS,0,0,0.0,0,2023,2022,Riley,Unroe,
,TOR,Rob Brantly,C,0,0,0.0,0,2023,2022,Rob,Brantly,542963
,SEA,Rob Emery,C,0,0,0.0,0,2023,2022,Rob,Emery,
,PHI,Robbie Glendinning,SS,0,0,0.0,0,2023,2022,Robbie,Glendinning,
ATL,TEX,Robbie Grossman,RF,1,2000000,2000000.0,1,2023,2022,Robbie,Grossman,543257
,SEA,Robbie Tenerowicz,3B,0,0,0.0,0,2023,2022,Robbie,Tenerowicz,
,SF,Roberto Pérez,C,1,2500000,2500000.0,0,2023,2022,Roberto,Pérez,547379
,NYY,Rodolfo Durán,C,0,-1,0.0,0,2023,2022,Rodolfo,Durán,
,COL,Roman Quinn,CF,0,0,0.0,0,2023,2022,Roman,Quinn,596451
,SF,Ronald Guzman,1B,0,-1,0.0,0,2023,2022,Ronald,Guzman,608597
,SD,Rougned Odor,2B,1,800000,800000.0,0,2023,2022,Rougned,Odor,596059
,LAA,Ryan Aguilar,OF,0,0,0.0,0,2023,2022,Ryan,Aguilar,666922
,KC,Ryan Goins,2B,0,0,0.0,0,2023,2022,Ryan,Goins,572365
,PHI,Ryan Holgate,OF,0,0,0.0,0,2023,2022,Ryan,Holgate,
,MIN,Ryan LaMarre,LF,0,0,0.0,0,2023,2022,Ryan,LaMarre,534606
,ATL,Ryder Jones,P/1B,0,0,0.0,0,2023,2022,Ryder,Jones,624507
,TEX,Sandro Fabian,OF,0,0,0.0,0,2023,2022,Sandro,Fabian,660758
,TEX,Sandy León,C,0,0,0.0,0,2023,2022,Sandy,León,506702
,CHW,Sebastian Rivero,C,0,0,0.0,0,2023,2022,Sebastian,Rivero,
,ARI,Sergio Alcantara,SS,0,0,0.0,0,2023,2022,Sergio,Alcantara,642727
,MIL,Skye Bolt,CF,0,0,0.0,0,2023,2022,Skye,Bolt,621450
,CHW,Stephen Piscotty,RF,0,0,0.0,0,2023,2022,Stephen,Piscotty,572039
,LAD,Steven Duggar,CF,0,0,0.0,0,2023,2022,Steven,Duggar,621453
ARI,WSH,Stone Garrett,LF/DH,1,720000,720000.0,1,2023,2022,Stone,Garrett,656448
,LAA,Taylor Jones,1B,0,0,0.0,0,2023,2022,Taylor,Jones,622100
,STL,Taylor Motter,SS,1,775000,775000.0,0,2023,2022,Taylor,Motter,600301
,CHW,Taylor Snyder,3B,0,0,0.0,0,2023,2022,Taylor,Snyder,
,NYM,Tim Locastro,OF,1,1400000,1400000.0,0,2023,2022,Tim,Locastro,641796
,BAL,Tim Susnara,C,0,0,0.0,0,2023,2022,Tim,Susnara,
,SD,Timmy Lopes,2B,0,0,0.0,0,2023,2022,Timmy,Lopes,
SF,SEA,Tommy La Stella,2B,1,720000,720000.0,1,2023,2022,Tommy,La Stella,600303
BOS,NYM,Tommy Pham,LF,1,6000000,6000000.0,1,2023,2022,Tommy,Pham,502054
,MIN,Tony Wolters,C,0,0,0.0,0,2023,2022,Tony,Wolters,547172
,WSH,Travis Blankenhorn,3B,0,0,0.0,0,2023,2022,Travis,Blankenhorn,663905
,TEX,Travis Jankowski,DH,1,1250000,1250000.0,0,2023,2022,Travis,Jankowski,608671
,CHW,Travis Swaggerty,OF,0,0,0.0,0,2023,2022,Travis,Swaggerty,680552
LAD,PHI,Trea Turner,SS/CF,11,300000000,27272727.0,1,2023,2022,Trea,Turner,607208
,OAK,Trenton Brooks,1B,0,0,0.0,0,2023,2022,Trenton,Brooks,670092
,STL,Tres Barrera,C,0,0,0.0,0,2023,2022,Tres,Barrera,668663
HOU,CHC,Trey Mancini,OF/1B,2,14000000,7000000.0,1,2023,2022,Trey,Mancini,641820
,LAD,Tucker Barnhart,C,0,0,0.0,0,2023,2022,Tucker,Barnhart,571466
,PIT,Tyler Heineman,C,0,0,0.0,0,2023,2022,Tyler,Heineman,623168
,MIL,Tyler Naquin,LF/DH,1,720000,720000.0,0,2023,2022,Tyler,Naquin,571980
,LAA,Tyler Payne,C,0,0,0.0,0,2023,2022,Tyler,Payne,665066
,OAK,Tyler Wade,SS,0,0,0.0,0,2023,2022,Tyler,Wade,642180
,MIN,Tyler White,1B,0,0,0.0,0,2023,2022,Tyler,White,643603
,PHI,Vimael Machin,2B,0,0,0.0,0,2023,2022,Vimael,Machin,605353
,TOR,Vinny Capra,SS,0,0,0.0,0,2023,2022,Vinny,Capra,681962
,CHW,Víctor Reyes,CF,0,0,0.0,0,2023,2022,Víctor,Reyes,622682
,CHC,Welington Santana,OF,0,0,0.0,0,2023,2022,Welington,Santana,
,PHI,Weston Wilson,1B,0,0,0.0,0,2023,2022,Weston,Wilson,642215
SD,CIN,Wil Myers,1B/RF,1,7500000,7500000.0,1,2023,2022,Wil,Myers,571976
,CIN,Wilkin Grullon,C,0,0,0.0,0,2023,2022,Wilkin,Grullon,
,MIN,Willi Castro,SS,1,1800000,1800000.0,0,2023,2022,Willi,Castro,650489
,NYY,Willie Calhoun,OF,0,0,0.0,0,2023,2022,Willie,Calhoun,641432
CHC,STL,Willson Contreras,C/C,5,87500000,17500000.0,1,2023,2022,Willson,Contreras,575929
,NYY,Wilmer Difo,SS,1,1200000,1200000.0,0,2023,2022,Wilmer,Difo,594694
,COL,Wynton Bernard,LF,0,0,0.0,0,2023,2022,Wynton,Bernard,592144
BOS,SD,Xander Bogaerts,SS/SS,11,280000000,25454545.0,1,2023,2022,Xander,Bogaerts,593428
,CHW,Xavier Fernández,C,0,0,0.0,0,2023,2022,Xavier,Fernández,
,ARI,Yairo Munoz,SS,0,0,0.0,0,2023,2022,Yairo,Munoz,622168
,WSH,Yefri Rivera,SS,0,0,0.0,0,2023,2022,Yefri,Rivera,
,OAK,Yohel Pozo,C,0,0,0.0,0,2023,2022,Yohel,Pozo,650968
,ATL,Yolmer Sánchez,2B,0,0,0.0,0,2023,2022,Yolmer,Sánchez,570560
,SF,Yoshitomo Tsutsugo,1B,0,0,0.0,0,2023,2022,Yoshitomo,Tsutsugo,660294
BOS,BOS,Yu-Cheng Chang,SS,1,850000,850000.0,1,2023,2022,Yu-Cheng,Chang,
,MIA,Yulieski Gurriel,1B,1,1250000,1250000.0,0,2023,2022,Yulieski,Gurriel,493329
,LAD,Yusniel Diaz,OF,0,-1,0.0,0,2023,2022,Yusniel,Diaz,666783
,CHW,Zach Remillard,3B,0,0,0.0,0,2023,2022,Zach,Remillard,621545
,CLE,Zack Collins,DH/C,0,0,0.0,0,2023,2022,Zack,Collins,641470
BAL,LAA,Aaron Hicks,CF,1,740000,740000.0,1,2024,2023,Aaron,Hicks,543305
BOS,ATL,Adam Duvall,RF,1,3000000,3000000.0,1,2024,2023,Adam,Duvall,594807
BAL,KC,Adam Frazier,2B/RF/DH,1,4500000,4500000.0,1,2024,2023,Adam,Frazier,624428
,MIL,Adam Hall,SS,0,-1,0.0,0,2024,2023,Adam,Hall,
,LAD,Alan Trejo,2B/SS,0,0,0.0,0,2024,2023,Alan,Trejo,676701
,ARI,Albert Almora,CF,0,0,0.0,0,2024,2023,Albert,Almora,546991
,CHW,Albertson Asigen,OF,0,0,0.0,0,2024,2023,Albertson,Asigen,
,HOU,Aledmys Diaz,SS,1,740000,740000.0,0,2024,2023,Aledmys,Diaz,649557
,LAA,Alejandro Rodriguez,C,0,0,0.0,0,2024,2023,Alejandro,Rodriguez,
,ATL,Alejo Lopez,2B,0,-1,0.0,0,2024,2023,Alejo,Lopez,664670
,SF,Alerick Soularie,OF,0,0,0.0,0,2024,2023,Alerick,Soularie,
,CIN,Alex Blandino,3B,0,0,0.0,0,2024,2023,Alex,Blandino,607468
,TEX,Alex De Goti,SS,0,-1,0.0,0,2024,2023,Alex,De Goti,621008
,TB,Alex Jackson,C/OF,0,0,0.0,0,2024,2023,Alex,Jackson,656577
ARI,PIT,Ali Sanchez,C,0,0,0.0,1,2024,2023,Ali,Sanchez,
,SF,Allan Cerda,OF,0,0,0.0,0,2024,2023,Allan,Cerda,
LAD,TB,Amed Rosario,SS,1,1500000,1500000.0,1,2024,2023,Amed,Rosario,642708
,ARI,Andres Chaparro,3B,0,0,0.0,0,2024,2023,Andres,Chaparro,665953
,TOR,Andrew Bechtold,3B,0,-1,0.0,0,2024,2023,Andrew,Bechtold,
TEX,SF,Andrew Knapp,C,0,0,0.0,1,2024,2023,Andrew,Knapp,595284
STL,TEX,Andrew Knizner,C,1,1825000,1825000.0,1,2024,2023,Andrew,Knizner,668800
PIT,PIT,Andrew McCutchen,RF/RF,1,5000000,5000000.0,1,2024,2023,Andrew,McCutchen,457705
,ATL,Andrew Velazquez,3B,0,-1,0.0,0,2024,2023,Andrew,Velazquez,623205
,MIL,Andrew Yerzy,C,0,-1,0.0,0,2024,2023,Andrew,Yerzy,
,CHW,Angelo Castellano,SS,0,0,0.0,0,2024,2023,Angelo,Castellano,
,CIN,Anthony Alford,LF,0,0,0.0,0,2024,2023,Anthony,Alford,546990
,DET,Anthony Bemboom,C,0,0,0.0,0,2024,2023,Anthony,Bemboom,621532
,NYM,Anthony Nunez,SS,0,0,0.0,0,2024,2023,Anthony,Nunez,
,OAK,Armando Alvarez,3B,0,0,0.0,0,2024,2023,Armando,Alvarez,669137
,NYM,Austin Allen,C,0,-1,0.0,0,2024,2023,Austin,Allen,664119
,LAD,Austin Beck,OF,0,0,0.0,0,2024,2023,Austin,Beck,
TEX,CLE,Austin Hedges,C,1,4000000,4000000.0,1,2024,2023,Austin,Hedges,595978
MIL,KC,Austin Nola,C,1,975000,975000.0,1,2024,2023,Austin,Nola,543592
COL,CIN,Austin Wynns,C,1,950000,950000.0,1,2024,2023,Austin,Wynns,642851
,SEA,Beau Taylor,C,0,-1,0.0,0,2024,2023,Beau,Taylor,607333
,NYM,Ben Gamel,RF,1,1200000,1200000.0,0,2024,2023,Ben,Gamel,592325
,NYY,Billy McKinney,OF,0,0,0.0,0,2024,2023,Billy,McKinney,641856
,DET,Bligh Madris,OF,1,740000,740000.0,0,2024,2023,Bligh,Madris,676632
,SD,Brad Miller,LF/2B,0,-1,0.0,0,2024,2023,Brad,Miller,543543
,COL,Bradley Zimmer,RF,0,0,0.0,0,2024,2023,Bradley,Zimmer,605548
,SF,Brady Whalen,1B,0,0,0.0,0,2024,2023,Brady,Whalen,
SF,STL,Brandon Crawford,SS,1,2000000,2000000.0,1,2024,2023,Brandon,Crawford,543063
,LAD,Brendon Davis,SS,0,-1,0.0,0,2024,2023,Brendon,Davis,663478
,NYY,Brett Phillips,RF,0,0,0.0,0,2024,2023,Brett,Phillips,621433
,MIL,Brewer Hicklen,OF,0,0,0.0,0,2024,2023,Brewer,Hicklen,676551
,ATL,Brian Anderson,3B/RF,0,0,0.0,0,2024,2023,Brian,Anderson,605119
,KC,Brian O'Keefe,C,0,0,0.0,0,2024,2023,Brian,O'Keefe,657247
,SD,Bryce Johnson,CF,0,0,0.0,0,2024,2023,Bryce,Johnson,669369
,ARI,Bryson Brigman,SS,0,0,0.0,0,2024,2023,Bryson,Brigman,
,BOS,C.J. Cron,1B,1,2000000,2000000.0,0,2024,2023,C.J.,Cron,543068
,TB,C.J. Hinojosa,SS,0,0,0.0,0,2024,2023,C.J.,Hinojosa,
,WSH,C.J. Stubbs,C,0,0,0.0,0,2024,2023,C.J.,Stubbs,
,SD,Cal Mitchell,OF,0,0,0.0,0,2024,2023,Cal,Mitchell,668751
,LAA,Caleb Hamilton,C,0,-1,0.0,0,2024,2023,Caleb,Hamilton,643348
,PHI,Cam Gallagher,C,0,0,0.0,0,2024,2023,Cam,Gallagher,595956
,LAA,Cam Williams,3B,0,0,0.0,0,2024,2023,Cam,Williams,
,CHW,Canaan Smith-Njigba,LF,0,0,0.0,0,2024,2023,Canaan,Smith-Njigba,675986
,ATL,Carlos Arroyo,2B,0,0,0.0,0,2024,2023,Carlos,Arroyo,
,OAK,Carlos Pérez,C,0,-1,0.0,0,2024,2023,Carlos,Pérez,542208
MIL,MIN,Carlos Santana,1B/DH,1,5250000,5250000.0,1,2024,2023,Carlos,Santana,467793
,LAA,Chad Stevens,SS,0,0,0.0,0,2024,2023,Chad,Stevens,677060
,LAA,Chad Wallach,C,0,0,0.0,0,2024,2023,Chad,Wallach,595453
,ATL,Chadwick Tromp,C,0,0,0.0,0,2024,2023,Chadwick,Tromp,644433
,SD,Chandler Seagle,C,0,0,0.0,0,2024,2023,Chandler,Seagle,676882
,LAA,Charles Leblanc,SS,0,0,0.0,0,2024,2023,Charles,Leblanc,641779
,ATL,Charlie Culberson,3B,0,0,0.0,0,2024,2023,Charlie,Culberson,518586
,SF,Chase Pinder,CF,0,-1,0.0,0,2024,2023,Chase,Pinder,
,HOU,Chris Gittens,1B,0,0,0.0,0,2024,2023,Chris,Gittens,656467
,LAD,Chris Okey,C,0,0,0.0,0,2024,2023,Chris,Okey,608360
,LAD,Chris Owings,SS,0,-1,0.0,0,2024,2023,Chris,Owings,572008
,MIL,Christian Arroyo,2B,1,1500000,1500000.0,0,2024,2023,Christian,Arroyo,624414
,CHC,Christian Bethancourt,C,0,0,0.0,0,2024,2023,Christian,Bethancourt,542194
,DET,Christian Molfetta,C,0,0,0.0,0,2024,2023,Christian,Molfetta,
,CHW,Chuckie Robinson,C,0,0,0.0,0,2024,2023,Chuckie,Robinson,642020
CHC,CHC,Cody Bellinger,CF/1B,3,80000000,26666667.0,1,2024,2023,Cody,Bellinger,641355
,LAA,Cole Tucker,SS/RF,0,0,0.0,0,2024,2023,Cole,Tucker,657061
,CIN,Conner Capel,RF,0,0,0.0,0,2024,2023,Conner,Capel,668843
,MIL,Connor Scott,OF,0,-1,0.0,0,2024,2023,Connor,Scott,
,TEX,Cooper Johnson,C,0,0,0.0,0,2024,2023,Cooper,Johnson,
,LAD,Cristian Santana,3B,0,-1,0.0,0,2024,2023,Cristian,Santana,
,COL,Cristopher Navarro,INF,0,-1,0.0,0,2024,2023,Cristopher,Navarro,
CHC,SF,Curt Casali,C,1,1000000,1000000.0,1,2024,2023,Curt,Casali,592200
,TEX,DJ Peters,OF,0,-1,0.0,0,2024,2023,DJ,Peters,656847
,BOS,Dalton Guthrie,SS,0,0,0.0,0,2024,2023,Dalton,Guthrie,656495
,TOR,Dan Vogelbach,DH/1B,1,2000000,2000000.0,0,2024,2023,Dan,Vogelbach,596129
,BAL,Daniel Johnson,RF,0,0,0.0,0,2024,2023,Daniel,Johnson,669288
,CHW,Danny Mendick,2B/SS,1,1000000,1000000.0,0,2024,2023,Danny,Mendick,664901
,BAL,David Banuelos,C,0,0,0.0,0,2024,2023,David,Banuelos,
,TOR,David Beckles,OF,0,0,0.0,0,2024,2023,David,Beckles,
,PHI,David Dahl,OF,0,0,0.0,0,2024,2023,David,Dahl,621311
,MIL,David Garcia,C,0,0,0.0,0,2024,2023,David,Garcia,
,SD,David Peralta,LF,1,1000000,1000000.0,0,2024,2023,David,Peralta,444482
,OAK,Daz Cameron,OF,0,0,0.0,0,2024,2023,Daz,Cameron,663662
,TEX,Derek Hill,OF,1,740000,740000.0,0,2024,2023,Derek,Hill,656537
,WSH,Dermis Garcia,3B,0,-1,0.0,0,2024,2023,Dermis,Garcia,660650
,KC,Diego Hernandez,OF,0,-1,0.0,0,2024,2023,Diego,Hernandez,
,MIA,Diego Infante,OF,0,0,0.0,0,2024,2023,Diego,Infante,
,CLE,Dom Nunez,C,0,0,0.0,0,2024,2023,Dom,Nunez,624513
BOS,CIN,Dominic Smith,1B/LF,1,740000,740000.0,1,2024,2023,Dominic,Smith,642086
,SF,Donnie Walton,SS,1,740000,740000.0,0,2024,2023,Donnie,Walton,
,SF,Donny Sands,C,0,0,0.0,0,2024,2023,Donny,Sands,664848
,SD,Donovan Solano,2B/SS,1,1000000,1000000.0,0,2024,2023,Donovan,Solano,456781
,LAA,Drew Ellis,3B,0,0,0.0,0,2024,2023,Drew,Ellis,656403
,OAK,Drew Lugbauer,C,0,0,0.0,0,2024,2023,Drew,Lugbauer,
,DET,Drew Maggi,SS,0,0,0.0,0,2024,2023,Drew,Maggi,543482
,PIT,Dustin Peterson,RF,0,0,0.0,0,2024,2023,Dustin,Peterson,640460
,NYM,Eddie Rosario,LF,0,0,0.0,0,2024,2023,Eddie,Rosario,592696
,TOR,Eduardo Escobar,3B,0,0,0.0,0,2024,2023,Eduardo,Escobar,500871
,CIN,Edwin Rios,3B,0,0,0.0,0,2024,2023,Edwin,Rios,621458
,LAA,Ehire Adrianza,SS,0,0,0.0,0,2024,2023,Ehire,Adrianza,501303
,SD,Elias Diaz,C,0,0,0.0,0,2024,2023,Elias,Diaz,553869
,TEX,Elier Hernandez,RF,0,0,0.0,0,2024,2023,Elier,Hernandez,609274
,LAA,Elliot Soto,SS,0,0,0.0,0,2024,2023,Elliot,Soto,519303
,ARI,Elvis Andrus,SS,0,-1,0.0,0,2024,2023,Elvis,Andrus,462101
LAD,LAD,Enrique Hernandez,SS/OF,1,4000000,4000000.0,1,2024,2023,Enrique,Hernandez,571771
CLE,MIL,Eric Haase,C,1,1000000,1000000.0,1,2024,2023,Eric,Haase,606992
,CIN,Erik Gonzalez,SS,0,0,0.0,0,2024,2023,Erik,Gonzalez,570481
,BAL,Errol Robinson,SS,0,0,0.0,0,2024,2023,Errol,Robinson,
,PIT,Francisco Acuña,INF,0,0,0.0,0,2024,2023,Francisco,Acuña,
,MIL,Francisco Mejia,C,0,-1,0.0,0,2024,2023,Francisco,Mejia,642336
,COL,GJ Hill,SS,0,0,0.0,0,2024,2023,GJ,Hill,
,TOR,Gabriel Cancel,2B,0,0,0.0,0,2024,2023,Gabriel,Cancel,
,BAL,Garrett Cooper,1B/OF,0,0,0.0,0,2024,2023,Garrett,Cooper,643265
MIA,KC,Garrett Hampson,SS,1,2000000,2000000.0,1,2024,2023,Garrett,Hampson,641658
SD,MIL,Gary Sánchez,C/C,1,3000000,3000000.0,1,2024,2023,Gary,Sánchez,596142
,STL,Gavin Collins,C,0,0,0.0,0,2024,2023,Gavin,Collins,
,PIT,Gilberto Celestino,OF,0,0,0.0,0,2024,2023,Gilberto,Celestino,665482
LAA,DET,Giovanny Urshela,3B/1B,1,1500000,1500000.0,1,2024,2023,Giovanny,Urshela,570482
,NYY,Greg Allen,OF,0,0,0.0,0,2024,2023,Greg,Allen,656185
,ATL,Harold Ramirez,RF,0,0,0.0,0,2024,2023,Harold,Ramirez,623912
CIN,NYM,Harrison Bader,CF,1,10500000,10500000.0,1,2024,2023,Harrison,Bader,664056
,CIN,Hernán Pérez,2B,0,0,0.0,0,2024,2023,Hernán,Pérez,541650
,OAK,Hoy Park,2B,0,0,0.0,0,2024,2023,Hoy,Park,660829
,WSH,Hudson Livesey,C,0,0,0.0,0,2024,2023,Hudson,Livesey,
,LAA,Hunter Dozier,1B,0,0,0.0,0,2024,2023,Hunter,Dozier,641531
CIN,KC,Hunter Renfroe,RF,2,13000000,6500000.0,1,2024,2023,Hunter,Renfroe,592669
,LAA,Imanol Vargas,OF,0,0,0.0,0,2024,2023,Imanol,Vargas,
NYY,TOR,Isiah Kiner-Falefa,SS/3B/SS/OF,2,15000000,7500000.0,1,2024,2023,Isiah,Kiner-Falefa,643396
,NYY,J.C. Escarra,C,0,0,0.0,0,2024,2023,J.C.,Escarra,641555
SF,OAK,J.D. Davis,3B/LF,1,2500000,2500000.0,1,2024,2023,J.D.,Davis,605204
LAD,NYM,J.D. Martinez,DH/RF,1,12000000,12000000.0,1,2024,2023,J.D.,Martinez,502110
,LAA,Jack López,SS,0,0,0.0,0,2024,2023,Jack,López,605346
,CHC,Jack Reinheimer,SS,0,-1,0.0,0,2024,2023,Jack,Reinheimer,595373
,NYM,Jackie Bradley Jr.,CF,0,0,0.0,0,2024,2023,Jackie,Bradley Jr.,598265
,PHI,Jacob Gonzalez,3B,0,0,0.0,0,2024,2023,Jacob,Gonzalez,
MIA,COL,Jacob Stallings,C,1,2000000,2000000.0,1,2024,2023,Jacob,Stallings,607732
,HOU,Jacob Teter,1B,0,0,0.0,0,2024,2023,Jacob,Teter,
,CHC,Jake Hager,OF/2B,0,0,0.0,0,2024,2023,Jake,Hager,606993
,PIT,Jake Lamb,1B,0,0,0.0,0,2024,2023,Jake,Lamb,571875
,LAA,Jake Marisnick,CF,0,-1,0.0,0,2024,2023,Jake,Marisnick,545350
,SF,Jakson Reetz,C,1,740000,740000.0,0,2024,2023,Jakson,Reetz,656883
,TOR,Jamari Baylor,SS,0,0,0.0,0,2024,2023,Jamari,Baylor,
,BOS,Jamie Westbrook,2B,0,0,0.0,0,2024,2023,Jamie,Westbrook,642197
,TEX,Jantzen Witte,INF,0,0,0.0,0,2024,2023,Jantzen,Witte,
,SEA,Jared Oliva,CF,0,0,0.0,0,2024,2023,Jared,Oliva,666931
,CHW,Jared Walsh,1B,0,0,0.0,0,2024,2023,Jared,Walsh,665120
LAD,HOU,Jason Heyward,RF/RF/CF/CF,0,0,0.0,1,2024,2023,Jason,Heyward,518792
,LAA,Jason Martin,OF,0,0,0.0,0,2024,2023,Jason,Martin,641829
,SEA,Jason Vosler,3B,0,0,0.0,0,2024,2023,Jason,Vosler,613564
,TOR,Je'Von Ward,CF,0,0,0.0,0,2024,2023,Je'Von,Ward,
,BAL,Jean Segura,3B/2B,0,0,0.0,0,2024,2023,Jean,Segura,516416
,MIN,Jeferson Morales,C,0,0,0.0,0,2024,2023,Jeferson,Morales,
,LAA,Jeffry Parra,C,0,0,0.0,0,2024,2023,Jeffry,Parra,
CHC,CIN,Jeimer Candelario,3B,3,45000000,15000000.0,1,2024,2023,Jeimer,Candelario,600869
,OAK,Jeisson Rosario,OF,0,0,0.0,0,2024,2023,Jeisson,Rosario,
,SF,Jerar Encarnacion,OF,0,0,0.0,0,2024,2023,Jerar,Encarnacion,666464
,HOU,Jeremy Arocho,SS,0,0,0.0,0,2024,2023,Jeremy,Arocho,
,WSH,Jesse Winker,RF/DH,1,1500000,1500000.0,0,2024,2023,Jesse,Winker,608385
,HOU,Jesus Bastidas,2B,0,0,0.0,0,2024,2023,Jesus,Bastidas,
,CHW,Jhoneiker Betancourt,C,0,0,0.0,0,2024,2023,Jhoneiker,Betancourt,
,NYM,Ji-Man Choi,1B,0,-1,0.0,0,2024,2023,Ji-Man,Choi,596847
,PHI,Jim Haley,3B,0,0,0.0,0,2024,2023,Jim,Haley,
SF,ARI,Joc Pederson,LF,1,12500000,12500000.0,1,2024,2023,Joc,Pederson,592626
,CHC,Joe Hudson,C,0,0,0.0,0,2024,2023,Joe,Hudson,116265
,WSH,Joe Naranjo,1B,0,0,0.0,0,2024,2023,Joe,Naranjo,
MIN,WSH,Joey Gallo,1B/OF,1,5000000,5000000.0,1,2024,2023,Joey,Gallo,608336
,TOR,Joey Votto,1B,1,2000000,2000000.0,0,2024,2023,Joey,Votto,458015
MIA,NYM,Joey Wendle,3B,1,2000000,2000000.0,1,2024,2023,Joey,Wendle,621563
,ATL,Johan Ferreira,3B,0,-1,0.0,0,2024,2023,Johan,Ferreira,
,LAD,Jonathan Araúz,SS,0,0,0.0,0,2024,2023,Jonathan,Araúz,660620
,MIA,Jonathan Davis,CF,0,-1,0.0,0,2024,2023,Jonathan,Davis,641505
,MIA,Jonathan Guzmán,SS,0,0,0.0,0,2024,2023,Jonathan,Guzmán,
,STL,Jonathan Morales,C,0,-1,0.0,0,2024,2023,Jonathan,Morales,
,PHI,Jordan Luplow,RF/LF/1B,0,-1,0.0,0,2024,2023,Jordan,Luplow,656669
,CHC,Jorge Alfaro,C,0,0,0.0,0,2024,2023,Jorge,Alfaro,595751
,CIN,Jorge Puerta,C,0,0,0.0,0,2024,2023,Jorge,Puerta,
MIA,SF,Jorge Soler,DH/OF,3,42000000,14000000.0,1,2024,2023,Jorge,Soler,624585
,PHI,Jose Godoy,C,0,0,0.0,0,2024,2023,Jose,Godoy,
,NYM,Jose Iglesias,SS,0,0,0.0,0,2024,2023,Jose,Iglesias,578428
,PIT,Jose Rojas,3B,0,-1,0.0,0,2024,2023,Jose,Rojas,670351
,NYM,Jose Rondon,2B,0,0,0.0,0,2024,2023,Jose,Rondon,602922
,DET,Jose Sibrian,C,0,0,0.0,0,2024,2023,Jose,Sibrian,
,BOS,Joseph Dunand,3B,0,0,0.0,0,2024,2023,Joseph,Dunand,
,PHI,Josh Breaux,C,0,0,0.0,0,2024,2023,Josh,Breaux,
,CIN,Josh Harrison,2B/SS,1,1500000,1500000.0,0,2024,2023,Josh,Harrison,543281
,KC,Josh Lester,1B,0,0,0.0,0,2024,2023,Josh,Lester,623507
,NYY,Josh VanMeter,2B,0,-1,0.0,0,2024,2023,Josh,VanMeter,642165
,WSH,Juan Yepez,3B,0,0,0.0,0,2024,2023,Juan,Yepez,660766
,DET,Julio E. Rodriguez,C,0,-1,0.0,0,2024,2023,Julio,E. Rodriguez,
KOR,SF,Jung Hoo Lee,OF,6,113000000,18833333.0,1,2024,2023,Jung,Hoo Lee,808982
SD,SD,Jurickson Profar,LF,1,1000000,1000000.0,1,2024,2023,Jurickson,Profar,595777
,MIL,Justin Dirden,OF,0,0,0.0,0,2024,2023,Justin,Dirden,
BOS,TOR,Justin Turner,3B/1B,1,13000000,13000000.0,1,2024,2023,Justin,Turner,457759
,WSH,Kelvin Diaz,SS,0,0,0.0,0,2024,2023,Kelvin,Diaz,
,LAA,Keston Hiura,2B,0,0,0.0,0,2024,2023,Keston,Hiura,669374
TOR,TOR,Kevin Kiermaier,CF,1,10500000,10500000.0,1,2024,2023,Kevin,Kiermaier,595281
,ARI,Kevin Newman,SS,0,0,0.0,0,2024,2023,Kevin,Newman,621028
,KC,Kevin Padlo,3B,0,0,0.0,0,2024,2023,Kevin,Padlo,656821
,CHW,Kevin Pillar,CF,1,3000000,3000000.0,0,2024,2023,Kevin,Pillar,607680
,SD,Kevin Plawecki,C,0,0,0.0,0,2024,2023,Kevin,Plawecki,608700
,NYY,Kevin Smith,SS/3B,0,0,0.0,0,2024,2023,Kevin,Smith,675656
,SEA,Kobe Kato,2B,0,0,0.0,0,2024,2023,Kobe,Kato,
,ARI,Kolten Wong,2B,0,-1,0.0,0,2024,2023,Kolten,Wong,543939
,ARI,Kyle Garlick,RF,0,-1,0.0,0,2024,2023,Kyle,Garlick,664247
,SD,LJ Jones IV,OF,0,-1,0.0,0,2024,2023,LJ,Jones IV,
,ATL,Leury García,2B,0,0,0.0,0,2024,2023,Leury,García,544725
,WSH,Lewin Diaz,1B,0,-1,0.0,0,2024,2023,Lewin,Diaz,650331
,KC,Logan Porter,C,0,0,0.0,0,2024,2023,Logan,Porter,682515
,SEA,Logan Warmoth,SS,0,0,0.0,0,2024,2023,Logan,Warmoth,
,SEA,Lolo Sanchez,OF,0,0,0.0,0,2024,2023,Lolo,Sanchez,
,CLE,Lorenzo Cedrola,CF,0,0,0.0,0,2024,2023,Lorenzo,Cedrola,
ARI,ARI,Lourdes Gurriel Jr.,OF/LF/DH,3,42000000,14000000.0,1,2024,2023,Lourdes,Gurriel Jr.,
,CHW,Lucius Fox,SS,0,0,0.0,0,2024,2023,Lucius,Fox,665650
CUB,TOR,Luis Gomez,C,0,0,0.0,1,2024,2023,Luis,Gomez,
,NYY,Luis Gonzalez,CF,0,0,0.0,0,2024,2023,Luis,Gonzalez,114935
NYM,ATL,Luis Guillorme,SS,1,1100000,1100000.0,1,2024,2023,Luis,Guillorme,641645
,ATL,Luis Liberato,CF,0,0,0.0,0,2024,2023,Luis,Liberato,642451
,TEX,Luis Mieses,OF,0,-1,0.0,0,2024,2023,Luis,Mieses,
,NYY,Luis Torrens,C,0,0,0.0,0,2024,2023,Luis,Torrens,620443
,SEA,Luke Barker,RF,0,0,0.0,0,2024,2023,Luke,Barker,673316
,NYM,Luke Voit,1B,0,0,0.0,0,2024,2023,Luke,Voit,572228
,ATL,Luke Williams,SS,0,0,0.0,0,2024,2023,Luke,Williams,663897
,ARI,Lyle Lin,C,0,-1,0.0,0,2024,2023,Lyle,Lin,
,HOU,Mahki Backstrom,1B,0,-1,0.0,0,2024,2023,Mahki,Backstrom,
,BOS,Mark Contreras,OF,0,0,0.0,0,2024,2023,Mark,Contreras,676628
,BOS,Mark Kolozsvary,C,0,0,0.0,0,2024,2023,Mark,Kolozsvary,656627
,CIN,Mark Mathias,2B,0,0,0.0,0,2024,2023,Mark,Mathias,664029
OS,CHW,Mark Payton,LF,0,0,0.0,0,2024,2023,Mark,Payton,592622
HOU,CHW,Martin Maldonado,C,1,4250000,4250000.0,1,2024,2023,Martin,Maldonado,455117
,SD,Mason McCoy,SS,0,0,0.0,0,2024,2023,Mason,McCoy,669200
,ARI,Matt Beaty,3B,0,-1,0.0,0,2024,2023,Matt,Beaty,607461
ATL,STL,Matt Carpenter,3B/1B,1,740000,740000.0,1,2024,2023,Matt,Carpenter,572761
TOR,SF,Matt Chapman,3B,3,54000000,18000000.0,1,2024,2023,Matt,Chapman,656305
,TEX,Matt Duffy,3B,0,0,0.0,0,2024,2023,Matt,Duffy,592274
,STL,Matt Lloyd,OF,0,0,0.0,0,2024,2023,Matt,Lloyd,
,LAA,Matt Scheffler,C,0,0,0.0,0,2024,2023,Matt,Scheffler,
,TEX,Matt Whatley,C,0,0,0.0,0,2024,2023,Matt,Whatley,
MIN,PIT,Michael A. Taylor,CF,1,4000000,4000000.0,1,2024,2023,Michael,A. Taylor,
,NYM,Michael Brosseau,3B,0,-1,0.0,0,2024,2023,Michael,Brosseau,670712
,CHW,Michael Chavis,2B,0,-1,0.0,0,2024,2023,Michael,Chavis,656308
,SD,Michael De La Cruz,C,0,0,0.0,0,2024,2023,Michael,De La Cruz,
,SEA,Michael Papierski,C,0,-1,0.0,0,2024,2023,Michael,Papierski,657709
,ARI,Michael Perez,C,0,-1,0.0,0,2024,2023,Michael,Perez,605421
,TEX,Michael Reed,OF,0,-1,0.0,0,2024,2023,Michael,Reed,605439
,LAA,Miguel Sano,1B/3B,1,1000000,1000000.0,0,2024,2023,Miguel,Sano,593934
CIN,CIN,Mike Ford,1B,1,1300000,1300000.0,1,2024,2023,Mike,Ford,645801
,CHW,Mike Moustakas,3B,1,2000000,2000000.0,0,2024,2023,Mike,Moustakas,519058
TEX,SEA,Mitch Garver,C,2,24000000,12000000.0,1,2024,2023,Mitch,Garver,641598
,SEA,Morgan McCullough,SS,0,0,0.0,0,2024,2023,Morgan,McCullough,
,SD,Nate Mondou,2B,0,0,0.0,0,2024,2023,Nate,Mondou,670148
,SD,Nick Ahmed,SS,0,0,0.0,0,2024,2023,Nick,Ahmed,605113
,TB,Nick Meyer,C,0,0,0.0,0,2024,2023,Nick,Meyer,
,CHW,Nick Podkul,3B,0,-1,0.0,0,2024,2023,Nick,Podkul,
CIN,WSH,Nick Senzel,CF/3B,1,2000000,2000000.0,1,2024,2023,Nick,Senzel,669222
,SEA,Nick Solak,LF,0,-1,0.0,0,2024,2023,Nick,Solak,669256
,ATL,Nick Ward,2B,0,-1,0.0,0,2024,2023,Nick,Ward,
,BAL,Niko Goodrum,2B,0,0,0.0,0,2024,2023,Niko,Goodrum,592348
,ATL,Nixon Cueche,SS,0,0,0.0,0,2024,2023,Nixon,Cueche,
,HOU,Omar Narváez,C,0,0,0.0,0,2024,2023,Omar,Narváez,553882
,DET,Oscar Mercado,OF,0,-1,0.0,0,2024,2023,Oscar,Mercado,640458
,CIN,P.J. Higgins,C,0,0,0.0,0,2024,2023,P.J.,Higgins,664731
,SF,Pablo Sandoval,3B,0,0,0.0,0,2024,2023,Pablo,Sandoval,467055
SF,CHW,Paul DeJong,SS,1,1750000,1750000.0,1,2024,2023,Paul,DeJong,657557
,TOR,Payton Henry,C,0,0,0.0,0,2024,2023,Payton,Henry,668721
,ATL,Phillip Evans,3B,0,0,0.0,0,2024,2023,Phillip,Evans,595943
,OAK,Quincy Nieporte,1B,0,0,0.0,0,2024,2023,Quincy,Nieporte,
,TOR,Rafael Lantigua,2B,0,0,0.0,0,2024,2023,Rafael,Lantigua,
,CHW,Rafael Ortega,DH/CF,1,740000,740000.0,0,2024,2023,Rafael,Ortega,542364
,ATL,Ramon Laureano,OF,1,740000,740000.0,0,2024,2023,Ramon,Laureano,657656
,MIL,Ramon Rodriguez,C,0,0,0.0,0,2024,2023,Ramon,Rodriguez,
LAA,ARI,Randal Grichuk,RF,1,2000000,2000000.0,1,2024,2023,Randal,Grichuk,545341
,SEA,Rangel Ravelo,1B,0,0,0.0,0,2024,2023,Rangel,Ravelo,592660
PHI,MIL,Rhys Hoskins,1B,2,34000000,17000000.0,1,2024,2023,Rhys,Hoskins,656555
,TOR,Ricardo Balogh,SS,0,0,0.0,0,2024,2023,Ricardo,Balogh,
,TB,Ricardo Genoves,C,0,0,0.0,0,2024,2023,Ricardo,Genoves,
,LAA,Richie Martin,SS,0,-1,0.0,0,2024,2023,Richie,Martin,621006
,DET,Riley Unroe,SS,0,0,0.0,0,2024,2023,Riley,Unroe,
,MIN,Rixon Wingrove,1B,0,0,0.0,0,2024,2023,Rixon,Wingrove,
,TB,Rob Brantly,C,0,0,0.0,0,2024,2023,Rob,Brantly,542963
,CHW,Robbie Grossman,RF,1,1500000,1500000.0,0,2024,2023,Robbie,Grossman,543257
,SD,Robbie Tenerowicz,3B,0,0,0.0,0,2024,2023,Robbie,Tenerowicz,
,TOR,Robert Brooks,C,0,0,0.0,0,2024,2023,Robert,Brooks,
,SD,Robert Perez Jr.,OF,0,0,0.0,0,2024,2023,Robert,Perez Jr.,
,BOS,Roberto Pérez,C,1,1400000,1400000.0,0,2024,2023,Roberto,Pérez,547379
,KC,Rodolfo Durán,C,0,-1,0.0,0,2024,2023,Rodolfo,Durán,
,BAL,Ronald Guzman,1B,0,-1,0.0,0,2024,2023,Ronald,Guzman,608597
,ARI,Ronaldo Hernandez,C,0,-1,0.0,0,2024,2023,Ronaldo,Hernandez,
,NYY,Rougned Odor,2B,0,-1,0.0,0,2024,2023,Rougned,Odor,596059
MIL,PIT,Rowdy Tellez,1B,1,3200000,3200000.0,1,2024,2023,Rowdy,Tellez,642133
,TEX,Ryan Dorow,3B,0,0,0.0,0,2024,2023,Ryan,Dorow,676900
,MIN,Ryan McCarthy,OF,0,0,0.0,0,2024,2023,Ryan,McCarthy,
,PHI,Ryan McKenna,CF,0,0,0.0,0,2024,2023,Ryan,McKenna,663630
,DET,Ryan Vilade,3B,0,0,0.0,0,2024,2023,Ryan,Vilade,668723
,NYM,Rylan Bannon,3B,0,-1,0.0,0,2024,2023,Rylan,Bannon,676625
,ATL,Samil De La Rosa,3B,0,-1,0.0,0,2024,2023,Samil,De La Rosa,
,TEX,Sandro Fabian,OF,0,0,0.0,0,2024,2023,Sandro,Fabian,660758
,ATL,Sandy León,C,0,0,0.0,0,2024,2023,Sandy,León,506702
,ATL,Sebastian Rivero,C,0,0,0.0,0,2024,2023,Sebastian,Rivero,
,PIT,Sergio Alcantara,SS,0,0,0.0,0,2024,2023,Sergio,Alcantara,642727
,LAA,Shane Matheny,3B,0,0,0.0,0,2024,2023,Shane,Matheny,
LAA,LAD,Shohei Ohtani,SP/DH,10,700000000,70000000.0,1,2024,2023,Shohei,Ohtani,660271
,ATL,Skye Bolt,CF,0,0,0.0,0,2024,2023,Skye,Bolt,621450
,OAK,Stephen Piscotty,RF,0,-1,0.0,0,2024,2023,Stephen,Piscotty,572039
,DET,Stephen Scott,OF,0,0,0.0,0,2024,2023,Stephen,Scott,
,NYM,Taylor Kohlwey,1B,0,0,0.0,0,2024,2023,Taylor,Kohlwey,670128
SEA,LAD,Teoscar Hernandez,RF/RF,1,23500000,23500000.0,1,2024,2023,Teoscar,Hernandez,606192
,BAL,Terrin Vavra,SS,0,0,0.0,0,2024,2023,Terrin,Vavra,679631
CHW,MIA,Tim Anderson,SS,1,5000000,5000000.0,1,2024,2023,Tim,Anderson,641313
,SD,Tim Locastro,OF,0,-1,0.0,0,2024,2023,Tim,Locastro,641796
SEA,SF,Tom Murphy,C,2,8250000,4125000.0,1,2024,2023,Tom,Murphy,119572
,CHW,Tommy Pham,LF,1,3000000,3000000.0,0,2024,2023,Tommy,Pham,502054
,DET,Tomás Nido,C,1,740000,740000.0,0,2024,2023,Tomás,Nido,621512
CIN,BAL,Tony Kemp,2B/CF,1,1000000,1000000.0,1,2024,2023,Tony,Kemp,643393
,WSH,Travis Blankenhorn,3B,0,0,0.0,0,2024,2023,Travis,Blankenhorn,663905
TEX,TEX,Travis Jankowski,LF,1,1700000,1700000.0,1,2024,2023,Travis,Jankowski,608671
,LAD,Travis Swaggerty,OF,0,0,0.0,0,2024,2023,Travis,Swaggerty,680552
,CHC,Trayce Thompson,CF,0,-1,0.0,0,2024,2023,Trayce,Thompson,572204
,MIA,Trey Mancini,OF/1B,0,0,0.0,0,2024,2023,Trey,Mancini,641820
,MIA,Tristan Gray,1B,0,0,0.0,0,2024,2023,Tristan,Gray,656484
,CIN,Tucker Barnhart,C,0,0,0.0,0,2024,2023,Tucker,Barnhart,571466
,MIN,Tyler Dearden,OF,0,-1,0.0,0,2024,2023,Tyler,Dearden,
,SD,Tyler Wade,SS,1,850000,850000.0,0,2024,2023,Tyler,Wade,642180
MIL,HOU,Victor Caratini,C,2,12000000,6000000.0,1,2024,2023,Victor,Caratini,605170
TOR,PHI,Whit Merrifield,RF/2B,1,8000000,8000000.0,1,2024,2023,Whit,Merrifield,593160
,LAA,Willie Calhoun,OF,0,0,0.0,0,2024,2023,Willie,Calhoun,641432
,ATL,Willmer De La Cruz,2B,0,0,0.0,0,2024,2023,Willmer,De La Cruz,
,CHW,Wilmer Difo,SS,0,0,0.0,0,2024,2023,Wilmer,Difo,594694
,MIN,Wynton Bernard,LF,0,0,0.0,0,2024,2023,Wynton,Bernard,592144
CHW,PIT,Yasmani Grandal,C,1,2500000,2500000.0,1,2024,2023,Yasmani,Grandal,518735
,MIL,Yhoswar Garcia,OF,0,0,0.0,0,2024,2023,Yhoswar,Garcia,
,OAK,Yohel Pozo,C,0,0,0.0,0,2024,2023,Yohel,Pozo,650968
,ATL,Yolbert Sánchez,2B,0,0,0.0,0,2024,2023,Yolbert,Sánchez,
,NYM,Yolmer Sánchez,2B,0,0,0.0,0,2024,2023,Yolmer,Sánchez,570560
,MIL,Yonny Hernandez,SS,0,-1,0.0,0,2024,2023,Yonny,Hernandez,660634
,SF,Yoshitomo Tsutsugo,1B,0,0,0.0,0,2024,2023,Yoshitomo,Tsutsugo,660294
,TB,Yu-Cheng Chang,SS,0,0,0.0,0,2024,2023,Yu-Cheng,Chang,
,ATL,Yulieski Gurriel,1B,0,0,0.0,0,2024,2023,Yulieski,Gurriel,493329
,SF,Yusniel Diaz,OF,0,-1,0.0,0,2024,2023,Yusniel,Diaz,666783
,SD,Zach Reks,OF,0,0,0.0,0,2024,2023,Zach,Reks,676646
,TEX,Aaron Antonini,C,0,-1,0.0,0,2025,2024,Aaron,Antonini,
,LAD,Aaron Bracho,SS,0,-1,0.0,0,2025,2024,Aaron,Bracho,
,BOS,Abraham Toro,3B,1,1000000,1000000.0,0,2025,2024,Abraham,Toro,647351
,PIT,Abrahan Gutierrez,C,0,-1,0.0,0,2025,2024,Abrahan,Gutierrez,
KC,PIT,Adam Frazier,2B/RF/DH,1,1525000,1525000.0,1,2025,2024,Adam,Frazier,624428
,TEX,Alan Trejo,2B/SS,0,-1,0.0,0,2025,2024,Alan,Trejo,676701
,ARI,Albert Almora,CF,0,-1,0.0,0,2025,2024,Albert,Almora,546991
,ATH,Alejo Lopez,2B,0,-1,0.0,0,2025,2024,Alejo,Lopez,664670
,PHI,Alex Binelas,3B,0,-1,0.0,0,2025,2024,Alex,Binelas,
HOU,BOS,Alex Bregman,3B,3,120000000,40000000.0,1,2025,2024,Alex,Bregman,608324
,TEX,Alex De Goti,SS,0,-1,0.0,0,2025,2024,Alex,De Goti,621008
,NYY,Alex Jackson,C/OF,1,760000,760000.0,0,2025,2024,Alex,Jackson,656577
,NYM,Alex Ramírez,OF,0,-1,0.0,0,2025,2024,Alex,Ramírez,150352
NYY,ATL,Alex Verdugo,LF,1,1500000,1500000.0,1,2025,2024,Alex,Verdugo,657077
,CIN,Alexander Vargas,SS,0,-1,0.0,0,2025,2024,Alexander,Vargas,
,NYM,Ali Sanchez,C,0,0,0.0,0,2025,2024,Ali,Sanchez,
,MIN,Allan Cerda,OF,0,-1,0.0,0,2025,2024,Allan,Cerda,
CIN,WSH,Amed Rosario,SS,1,2000000,2000000.0,1,2025,2024,Amed,Rosario,642708
,CHW,Andre Lipcius,3B,0,-1,0.0,0,2025,2024,Andre,Lipcius,686531
,PHI,Andrew Bechtold,3B,0,-1,0.0,0,2025,2024,Andrew,Bechtold,
,SF,Andrew Knizner,C,1,943548,943548.0,0,2025,2024,Andrew,Knizner,668800
PIT,PIT,Andrew McCutchen,DH,1,5000000,5000000.0,1,2025,2024,Andrew,McCutchen,457705
,TB,Andrew Stevenson,OF,0,-1,0.0,0,2025,2024,Andrew,Stevenson,664057
,NYY,Andrew Velazquez,3B,0,-1,0.0,0,2025,2024,Andrew,Velazquez,623205
,STL,Andrew Yerzy,C,0,-1,0.0,0,2025,2024,Andrew,Yerzy,
,ARI,Andy Weber,2B,0,-1,0.0,0,2025,2024,Andy,Weber,
,PIT,Anthony Prato,SS,0,-1,0.0,0,2025,2024,Anthony,Prato,
BAL,TOR,Anthony Santander,RF,5,92500000,18500000.0,1,2025,2024,Anthony,Santander,623993
,MIL,Anthony Seigler,C,1,760000,760000.0,0,2025,2024,Anthony,Seigler,678011
,ARI,Aramis Garcia,C,1,760000,760000.0,0,2025,2024,Aramis,Garcia,605244
,MIN,Armando Alvarez,3B,0,-1,0.0,0,2025,2024,Armando,Alvarez,669137
,SF,Austin Barnes,C,0,-1,0.0,0,2025,2024,Austin,Barnes,605131
PHI,CIN,Austin Hays,LF,1,5000000,5000000.0,1,2025,2024,Austin,Hays,669720
CLE,CLE,Austin Hedges,C,1,4000000,4000000.0,1,2025,2024,Austin,Hedges,595978
,COL,Austin Nola,C,1,760000,760000.0,0,2025,2024,Austin,Nola,543592
BAL,CHW,Austin Slater,LF,1,1750000,1750000.0,1,2025,2024,Austin,Slater,596103
,CIN,Austin Wynns,C,1,1100000,1100000.0,0,2025,2024,Austin,Wynns,642851
,SEA,Beau Taylor,C,0,-1,0.0,0,2025,2024,Beau,Taylor,607333
HOU,HOU,Ben Gamel,RF,1,1200000,1200000.0,1,2025,2024,Ben,Gamel,592325
,CHC,Billy Hamilton,CF,0,-1,0.0,0,2025,2024,Billy,Hamilton,571740
,TEX,Billy McKinney,OF,1,1000000,1000000.0,0,2025,2024,Billy,McKinney,641856
,MIL,Bladimir Restituyo,OF,0,-1,0.0,0,2025,2024,Bladimir,Restituyo,
,DET,Bligh Madris,OF,0,-1,0.0,0,2025,2024,Bligh,Madris,676632
,KC,Bobby Dalbec,3B,0,-1,0.0,0,2025,2024,Bobby,Dalbec,666915
,LAA,Brandon Drury,2B/3B,0,-1,0.0,0,2025,2024,Brandon,Drury,592273
,TEX,Brandon Martorano,C,0,-1,0.0,0,2025,2024,Brandon,Martorano,
,HOU,Brendan Rodgers,2B,1,2000000,2000000.0,0,2025,2024,Brendan,Rodgers,663898
,NYY,Brennen Davis,OF,0,-1,0.0,0,2025,2024,Brennen,Davis,680695
,PIT,Brett Sullivan,C,0,-1,0.0,0,2025,2024,Brett,Sullivan,664954
,MIA,Brian Navarreto,C,1,760000,760000.0,0,2025,2024,Brian,Navarreto,640459
,DET,Brian Serven,C,0,-1,0.0,0,2025,2024,Brian,Serven,661531
,PHI,Brock Vradenburg,1B,0,-1,0.0,0,2025,2024,Brock,Vradenburg,
PIT,ATL,Bryan De La Cruz,LF,1,860000,860000.0,1,2025,2024,Bryan,De La Cruz,650559
,ATH,Bryan Lavastida,C,0,-1,0.0,0,2025,2024,Bryan,Lavastida,681526
,PIT,Bryce Johnson,CF,1,760000,760000.0,0,2025,2024,Bryce,Johnson,669369
,LAA,Bryce Teodosio,OF,1,760000,760000.0,0,2025,2024,Bryce,Teodosio,669326
,HOU,Bryce Willits,3B,0,-1,0.0,0,2025,2024,Bryce,Willits,
,CIN,Bryson Brigman,SS,0,-1,0.0,0,2025,2024,Bryson,Brigman,
,TOR,Buddy Kennedy,2B,1,760000,760000.0,0,2025,2024,Buddy,Kennedy,671083
,SF,Cal Mitchell,OF,0,-1,0.0,0,2025,2024,Cal,Mitchell,668751
,CHC,Caleb Knight,C,0,-1,0.0,0,2025,2024,Caleb,Knight,
,CLE,Cameron Barstad,C,0,-1,0.0,0,2025,2024,Cameron,Barstad,
,ATH,Carlos Cortes,2B,1,760000,760000.0,0,2025,2024,Carlos,Cortes,666126
MIL,ATL,Carlos D. Rodriguez,OF,0,0,0.0,1,2025,2024,Carlos,D. Rodriguez,
,WSH,Carlos De La Cruz,OF,0,-1,0.0,0,2025,2024,Carlos,De La Cruz,
,CHC,Carlos Pérez,C,0,-1,0.0,0,2025,2024,Carlos,Pérez,542208
MIN,CLE,Carlos Santana,1B/DH,1,12000000,12000000.0,1,2025,2024,Carlos,Santana,467793
TEX,CHC,Carson Kelly,C,2,11500000,5750000.0,1,2025,2024,Carson,Kelly,608348
,ATH,Carter Aldrete,2B,0,-1,0.0,0,2025,2024,Carter,Aldrete,
,LAA,Carter Kieboom,3B,1,760000,760000.0,0,2025,2024,Carter,Kieboom,666198
,LAA,Cavan Biggio,2B,0,-1,0.0,0,2025,2024,Cavan,Biggio,624415
,LAA,Chad Wallach,C,1,760000,760000.0,0,2025,2024,Chad,Wallach,595453
,BOS,Chadwick Tromp,C,0,-1,0.0,0,2025,2024,Chadwick,Tromp,644433
,STL,Chance Sisco,C,0,-1,0.0,0,2025,2024,Chance,Sisco,642082
,ATL,Chandler Seagle,C,0,-1,0.0,0,2025,2024,Chandler,Seagle,676882
,ATL,Charles Leblanc,SS,0,-1,0.0,0,2025,2024,Charles,Leblanc,641779
,WSH,Charles Mack,SS,0,-1,0.0,0,2025,2024,Charles,Mack,
,LAD,Chris Okey,C,0,-1,0.0,0,2025,2024,Chris,Okey,608360
LAD,LAA,Chris Taylor,3B/SS/OF,0,0,0.0,1,2025,2024,Chris,Taylor,621035
,NYM,Chris Williams,C,0,-1,0.0,0,2025,2024,Chris,Williams,
,PHI,Christian Arroyo,2B,0,-1,0.0,0,2025,2024,Christian,Arroyo,624414
,TOR,Christian Bethancourt,C,0,-1,0.0,0,2025,2024,Christian,Bethancourt,542194
ARI,HOU,Christian Walker,1B,3,60000000,20000000.0,1,2025,2024,Christian,Walker,572233
,TB,Coco Montes,SS,1,760000,760000.0,0,2025,2024,Coco,Montes,663796
,SD,Cody Roberts,C,0,-1,0.0,0,2025,2024,Cody,Roberts,
,TEX,Cody Thomas,OF,0,-1,0.0,0,2025,2024,Cody,Thomas,642137
,PHI,Cole Roberts,SS,0,-1,0.0,0,2025,2024,Cole,Roberts,
,SD,Cole Roederer,OF,0,-1,0.0,0,2025,2024,Cole,Roederer,
,ATL,Colin Burgess,C,0,-1,0.0,0,2025,2024,Colin,Burgess,
,PHI,Colton Bender,C,0,-1,0.0,0,2025,2024,Colton,Bender,
,ATL,Conner Capel,RF,0,-1,0.0,0,2025,2024,Conner,Capel,668843
PIT,SD,Connor Joe,LF/RF,1,1000000,1000000.0,1,2025,2024,Connor,Joe,656582
,ARI,Connor Kaiser,SS,1,760000,760000.0,0,2025,2024,Connor,Kaiser,663731
,KC,Connor Scott,OF,0,-1,0.0,0,2025,2024,Connor,Scott,
NYY,BAL,Cooper Hummel,LF/C,1,765000,765000.0,1,2025,2024,Cooper,Hummel,669450
,CHC,Corey Joyce,SS,0,-1,0.0,0,2025,2024,Corey,Joyce,
,ARI,Cristian Pache,CF,0,-1,0.0,0,2025,2024,Cristian,Pache,665506
,ATL,Curt Casali,C,1,1250000,1250000.0,0,2025,2024,Curt,Casali,592200
,PIT,D.J. Stewart,LF,1,1000000,1000000.0,0,2025,2024,D.J.,Stewart,
,SD,Damon Dues,SS,0,-1,0.0,0,2025,2024,Damon,Dues,
,SF,Daniel Johnson,RF,1,760000,760000.0,0,2025,2024,Daniel,Johnson,669288
,COL,Daniel McElveny,SS,0,-1,0.0,0,2025,2024,Daniel,McElveny,
,TB,Daniel Vellojin,C,0,-1,0.0,0,2025,2024,Daniel,Vellojin,
BOS,TB,Danny Jansen,C,1,8500000,8500000.0,1,2025,2024,Danny,Jansen,643376
,PIT,Darick Hall,1B,0,-1,0.0,0,2025,2024,Darick,Hall,669742
,BAL,David Banuelos,C,1,760000,760000.0,0,2025,2024,David,Banuelos,
,LAD,David Bote,2B,0,-1,0.0,0,2025,2024,David,Bote,623520
,DET,David Hensley,1B,0,-1,0.0,0,2025,2024,David,Hensley,682073
,NYM,David Villar,3B,0,0,0.0,0,2025,2024,David,Villar,681584
,WSH,Delino DeShields,CF,0,-1,0.0,0,2025,2024,Delino,DeShields,592261
,SF,Devin Mann,2B,0,-1,0.0,0,2025,2024,Devin,Mann,
,NYM,Diego A. Castillo,2B,0,-1,0.0,0,2025,2024,Diego,A. Castillo,
,SF,Diego Cartaya,C,0,-1,0.0,0,2025,2024,Diego,Cartaya,682616
,KC,Diego Hernandez,OF,0,-1,0.0,0,2025,2024,Diego,Hernandez,
,CHC,Dixon Machado,2B,0,-1,0.0,0,2025,2024,Dixon,Machado,553988
,CLE,Dom Nunez,C,0,0,0.0,0,2025,2024,Dom,Nunez,624513
NYY,SF,Dominic Smith,1B/LF,1,943548,943548.0,1,2025,2024,Dominic,Smith,642086
,NYM,Donnie Walton,SS,1,760000,760000.0,0,2025,2024,Donnie,Walton,
SD,SEA,Donovan Solano,2B/SS,1,3500000,3500000.0,1,2025,2024,Donovan,Solano,456781
,WSH,Donta' Williams,OF,0,-1,0.0,0,2025,2024,Donta',Williams,
,ATH,Drew Avans,OF,1,760000,760000.0,0,2025,2024,Drew,Avans,682183
,SF,Drew Ellis,3B,0,-1,0.0,0,2025,2024,Drew,Ellis,656403
TB,BAL,Dylan Carlson,CF,1,975000,975000.0,1,2025,2024,Dylan,Carlson,666185
,TEX,Dylan Moore,2B,0,-1,0.0,0,2025,2024,Dylan,Moore,664238
,MIL,Eddie Rosario,LF,0,0,0.0,0,2025,2024,Eddie,Rosario,592696
,ATL,Eddy Alvarez,2B,0,-1,0.0,0,2025,2024,Eddy,Alvarez,657193
,ATL,Eddys Leonard,SS,0,-1,0.0,0,2025,2024,Eddys,Leonard,
,NYM,Edward Olivares,LF,0,-1,0.0,0,2025,2024,Edward,Olivares,658668
,HOU,Edwin Díaz,3B,0,-1,0.0,0,2025,2024,Edwin,Díaz,621242
,CIN,Edwin Rios,1B,0,-1,0.0,0,2025,2024,Edwin,Rios,621458
SD,SD,Elias Diaz,C,1,3500000,3500000.0,1,2025,2024,Elias,Diaz,553869
,TEX,Elih Marrero,C,0,-1,0.0,0,2025,2024,Elih,Marrero,
,TOR,Eloy Jimenez,LF,0,-1,0.0,0,2025,2024,Eloy,Jimenez,650391
LAD,LAD,Enrique Hernandez,SS/OF,1,6500000,6500000.0,1,2025,2024,Enrique,Hernandez,571771
LAA,MIA,Eric Wagaman,1B,1,0,0.0,1,2025,2024,Eric,Wagaman,676572
,LAA,Evan Edwards,1B,0,-1,0.0,0,2025,2024,Evan,Edwards,
,LAD,Ezequiel Pagán,OF,0,-1,0.0,0,2025,2024,Ezequiel,Pagán,
,CHW,Fidel Montero,OF,0,-1,0.0,0,2025,2024,Fidel,Montero,
,CHC,Forrest Wall,OF,0,-1,0.0,0,2025,2024,Forrest,Wall,657088
,WSH,Franchy Cordero,RF/1B,0,-1,0.0,0,2025,2024,Franchy,Cordero,614173
,SD,Francisco Acuña,INF,0,-1,0.0,0,2025,2024,Francisco,Acuña,
,WSH,Francisco Mejia,C,0,-1,0.0,0,2025,2024,Francisco,Mejia,642336
,BAL,Franklin Barreto,SS,0,-1,0.0,0,2025,2024,Franklin,Barreto,620439
,SEA,Freuddy Batista,C,0,-1,0.0,0,2025,2024,Freuddy,Batista,
,ATL,Garrett Cooper,1B/OF,0,-1,0.0,0,2025,2024,Garrett,Cooper,643265
ARI,CIN,Garrett Hampson,SS,1,1500000,1500000.0,1,2025,2024,Garrett,Hampson,641658
MIL,BAL,Gary Sánchez,DH/C,1,8500000,8500000.0,1,2025,2024,Gary,Sánchez,596142
,SD,Gavin Sheets,OF/1B/DH,1,1600000,1600000.0,0,2025,2024,Gavin,Sheets,657757
,CLE,George Valera,OF,1,760000,760000.0,0,2025,2024,George,Valera,671655
,NYM,Gilberto Celestino,OF,0,-1,0.0,0,2025,2024,Gilberto,Celestino,665482
ATL,ATH,Giovanny Urshela,3B,1,2150000,2150000.0,1,2025,2024,Giovanny,Urshela,570482
NYY,DET,Gleyber Torres,2B,1,15000000,15000000.0,1,2025,2024,Gleyber,Torres,650402
,MIA,Grant Richardson,OF,0,-1,0.0,0,2025,2024,Grant,Richardson,
CHC,BAL,Greg Allen,OF,1,760000,760000.0,1,2025,2024,Greg,Allen,656185
,HOU,Greg Jones,SS,0,-1,0.0,0,2025,2024,Greg,Jones,675659
SD,TB,Ha-seong Kim,2B/SS,2,29000000,14500000.0,1,2025,2024,Ha-seong,Kim,673490
,KC,Harold Castro,3B,1,1300000,1300000.0,0,2025,2024,Harold,Castro,605612
NYM,MIN,Harrison Bader,CF,1,6250000,6250000.0,1,2025,2024,Harrison,Bader,664056
,MIA,Heriberto Hernandez,C,1,760000,760000.0,0,2025,2024,Heriberto,Hernandez,681715
,TB,Hunter Stovall,2B,0,-1,0.0,0,2025,2024,Hunter,Stovall,
KOR,LAD,Hyeseong Kim,2B,3,12500000,4166667.0,1,2025,2024,Hyeseong,Kim,808975
ARI,ARI,Ildemaro Vargas,2B,1,1000000,1000000.0,1,2025,2024,Ildemaro,Vargas,545121
,PIT,Imanol Vargas,OF,0,-1,0.0,0,2025,2024,Imanol,Vargas,
,KC,Isaiah Jackson,OF,0,-1,0.0,0,2025,2024,Isaiah,Jackson,
,KC,Isan Diaz,2B,0,-1,0.0,0,2025,2024,Isan,Diaz,656371
,NYY,Ismael Munguia,OF,0,-1,0.0,0,2025,2024,Ismael,Munguia,
,LAA,J.D. Davis,3B/LF,1,1000000,1000000.0,0,2025,2024,J.D.,Davis,605204
,DET,Jack Dunn,SS,0,-1,0.0,0,2025,2024,Jack,Dunn,113636
,SEA,Jack López,SS,0,-1,0.0,0,2025,2024,Jack,López,605346
,HOU,Jacob Hurtubise,OF,0,-1,0.0,0,2025,2024,Jacob,Hurtubise,674441
,SEA,Jacob Nottingham,C,0,-1,0.0,0,2025,2024,Jacob,Nottingham,641924
COL,COL,Jacob Stallings,C,1,2500000,2500000.0,1,2025,2024,Jacob,Stallings,607732
,DET,Jahmai Jones,2B,1,810000,810000.0,0,2025,2024,Jahmai,Jones,663330
,ATL,Jair Camargo,C,0,0,0.0,0,2025,2024,Jair,Camargo,665856
,CLE,Jake Anchia,C,0,-1,0.0,0,2025,2024,Jake,Anchia,
,MIL,Jake Bauers,1B/OF,1,1400000,1400000.0,0,2025,2024,Jake,Bauers,641343
,NYY,Jake Gatewood,3B,0,-1,0.0,0,2025,2024,Jake,Gatewood,
,SF,Jake Lamb,1B,1,1000000,1000000.0,0,2025,2024,Jake,Lamb,571875
,ATL,Jake Marisnick,CF,0,-1,0.0,0,2025,2024,Jake,Marisnick,545350
,BAL,Jakson Reetz,C,0,-1,0.0,0,2025,2024,Jakson,Reetz,656883
,ATL,James McCann,C,1,1000000,1000000.0,0,2025,2024,James,McCann,543510
,TB,Jamie Westbrook,2B,0,-1,0.0,0,2025,2024,Jamie,Westbrook,642197
,MIL,Jared Oliva,CF,0,-1,0.0,0,2025,2024,Jared,Oliva,666931
STL,NYM,Jared Young,1B,1,1150000,1150000.0,1,2025,2024,Jared,Young,676724
HOU,SD,Jason Heyward,RF/CF,1,1000000,1000000.0,1,2025,2024,Jason,Heyward,518792
,TEX,Jax Biggers,SS,0,-1,0.0,0,2025,2024,Jax,Biggers,
,LAA,Jaxx Groshans,C,0,-1,0.0,0,2025,2024,Jaxx,Groshans,
,CHC,Jaylen Palmer,SS,0,-1,0.0,0,2025,2024,Jaylen,Palmer,
,NYY,Jeimer Candelario,3B,0,-1,0.0,0,2025,2024,Jeimer,Candelario,600869
,BAL,Jeremiah Jackson,SS,0,0,0.0,0,2025,2024,Jeremiah,Jackson,669236
NYM,NYM,Jesse Winker,LF/DH,1,7500000,7500000.0,1,2025,2024,Jesse,Winker,608385
,MIL,Jimmy Herron,OF,0,-1,0.0,0,2025,2024,Jimmy,Herron,
ARI,TEX,Joc Pederson,DH,2,37000000,18500000.0,1,2025,2024,Joc,Pederson,592626
,HOU,Joe Hudson,C,0,-1,0.0,0,2025,2024,Joe,Hudson,116265
,CHW,Joe Perez,3B,0,-1,0.0,0,2025,2024,Joe,Perez,669309
,CHW,Joey Gallo,1B/OF,0,-1,0.0,0,2025,2024,Joey,Gallo,608336
,NYM,Joey Meneses,1B/DH,0,-1,0.0,0,2025,2024,Joey,Meneses,608841
,KC,John Lopez,C,0,-1,0.0,0,2025,2024,John,Lopez,
NYY,CHC,Jon Berti,2B/SS/3B,1,2000000,2000000.0,1,2025,2024,Jon,Berti,542932
,HOU,Jon Singleton,1B,1,1000000,1000000.0,0,2025,2024,Jon,Singleton,572138
,KC,Jordan Groshans,SS,0,-1,0.0,0,2025,2024,Jordan,Groshans,677954
,BAL,Jordyn Adams,OF,1,760000,760000.0,0,2025,2024,Jordyn,Adams,677941
,MIL,Jorge Alfaro,C,0,0,0.0,0,2025,2024,Jorge,Alfaro,595751
SEA,SEA,Jorge Polanco,2B,1,7750000,7750000.0,1,2025,2024,Jorge,Polanco,593871
,NYM,Jose Azocar,OF,0,-1,0.0,0,2025,2024,Jose,Azocar,640492
,BAL,Jose Barrero,SS,0,-1,0.0,0,2025,2024,Jose,Barrero,676480
,PHI,Jose Colmenares,SS,0,-1,0.0,0,2025,2024,Jose,Colmenares,
,SD,Jose Iglesias,SS,1,3000000,3000000.0,0,2025,2024,Jose,Iglesias,578428
,MIA,Jose Rivera,2B,0,-1,0.0,0,2025,2024,Jose,Rivera,
,NYY,Jose Rojas,3B,0,-1,0.0,0,2025,2024,Jose,Rojas,670351
,PIT,Jose Rondon,2B,0,-1,0.0,0,2025,2024,Jose,Rondon,602922
ARI,WSH,Josh Bell,1B/1B,1,6000000,6000000.0,1,2025,2024,Josh,Bell,458679
SEA,CHW,Josh Rojas,3B/OF/2B,1,3500000,3500000.0,1,2025,2024,Josh,Rojas,668942
,CHW,Joshua Palacios,CF,1,760000,760000.0,0,2025,2024,Joshua,Palacios,641943
,ATL,José Devers,SS,0,-1,0.0,0,2025,2024,José,Devers,672701
,PHI,José Rodríguez,SS,0,0,0.0,0,2025,2024,José,Rodríguez,316792
NYY,NYM,Juan Soto,RF,15,765000000,51000000.0,1,2025,2024,Juan,Soto,665742
,SEA,Julio E. Rodriguez,C,0,-1,0.0,0,2025,2024,Julio,E. Rodriguez,
SD,ATL,Jurickson Profar,LF,3,42000000,14000000.0,1,2025,2024,Jurickson,Profar,595777
,MIN,Justin Connell,OF,0,-1,0.0,0,2025,2024,Justin,Connell,
SEA,CHC,Justin Turner,DH/1B,1,6000000,6000000.0,1,2025,2024,Justin,Turner,457759
,TEX,Kale Emshoff,C,0,-1,0.0,0,2025,2024,Kale,Emshoff,
,PHI,Kelly Dugan,LF,0,-1,0.0,0,2025,2024,Kelly,Dugan,
,LAD,Kendall Simmons,SS,0,-1,0.0,0,2025,2024,Kendall,Simmons,
,COL,Keston Hiura,2B,1,760000,760000.0,0,2025,2024,Keston,Hiura,669374
ARI,LAA,Kevin Newman,SS,1,2750000,2750000.0,1,2025,2024,Kevin,Newman,621028
,TEX,Kevin Pillar,CF,1,1000000,1000000.0,0,2025,2024,Kevin,Pillar,607680
,ATL,Kobe Kato,2B,0,-1,0.0,0,2025,2024,Kobe,Kato,
,LAA,Korey Holland,OF,0,-1,0.0,0,2025,2024,Korey,Holland,
,CLE,Kyle Datres,3B,0,-1,0.0,0,2025,2024,Kyle,Datres,
MIN,COL,Kyle Farmer,SS,1,3250000,3250000.0,1,2025,2024,Kyle,Farmer,571657
SD,TEX,Kyle Higashioka,C,2,13500000,6750000.0,1,2025,2024,Kyle,Higashioka,543309
,CHW,LJ Jones IV,OF,0,-1,0.0,0,2025,2024,LJ,Jones IV,
,CIN,Levi Jordan,SS,0,-1,0.0,0,2025,2024,Levi,Jordan,682119
,TOR,Lizandro Rodriguez,SS,0,-1,0.0,0,2025,2024,Lizandro,Rodriguez,
,TB,Logan Driscoll,C,0,-1,0.0,0,2025,2024,Logan,Driscoll,686482
,SF,Logan Porter,C,1,760000,760000.0,0,2025,2024,Logan,Porter,682515
,HOU,Luis Castro,3B,0,0,0.0,0,2025,2024,Luis,Castro,820123
,KC,Luis Chevalier,SS,0,-1,0.0,0,2025,2024,Luis,Chevalier,
,HOU,Luis Guillorme,2B,0,0,0.0,0,2025,2024,Luis,Guillorme,641645
,TEX,Luis Mieses,OF,0,-1,0.0,0,2025,2024,Luis,Mieses,
SEA,ATH,Luis Urias,3B,1,1100000,1100000.0,1,2025,2024,Luis,Urias,649966
,PHI,Luis Verdugo,SS,0,-1,0.0,0,2025,2024,Luis,Verdugo,
ATL,TEX,Luke Jackson,RP/RF,1,1500000,1500000.0,1,2025,2024,Luke,Jackson,592426
,KC,Luke Maile,C,1,760000,760000.0,0,2025,2024,Luke,Maile,571912
,ATH,Lyle Lin,C,0,-1,0.0,0,2025,2024,Lyle,Lin,
,MIL,Manuel Margot,RF,1,1300000,1300000.0,0,2025,2024,Manuel,Margot,622534
,SD,Mario Zabala,OF,0,-1,0.0,0,2025,2024,Mario,Zabala,
,MIL,Mark Canha,LF/1B,1,1400000,1400000.0,0,2025,2024,Mark,Canha,592192
,BOS,Mark Kolozsvary,C,0,-1,0.0,0,2025,2024,Mark,Kolozsvary,656627
,SD,Martin Maldonado,C,1,1000000,1000000.0,0,2025,2024,Martin,Maldonado,455117
,SD,Mason McCoy,SS,1,760000,760000.0,0,2025,2024,Mason,McCoy,669200
,LAD,Matt Gorski,CF,0,-1,0.0,0,2025,2024,Matt,Gorski,685301
,PHI,Matt Higgins,OF,0,-1,0.0,0,2025,2024,Matt,Higgins,
,ARI,Matt Mervis,1B,0,-1,0.0,0,2025,2024,Matt,Mervis,670223
,TOR,Matt Whatley,C,0,-1,0.0,0,2025,2024,Matt,Whatley,
,ATL,Matthew Batten,SS,0,-1,0.0,0,2025,2024,Matthew,Batten,676946
,NYY,Max Burt,3B,0,-1,0.0,0,2025,2024,Max,Burt,
MIN,PHI,Max Kepler,RF,1,10000000,10000000.0,1,2025,2024,Max,Kepler,596146
,SF,Max Stassi,C,0,-1,0.0,0,2025,2024,Max,Stassi,545358
PIT,CHW,Michael A. Taylor,CF,1,1950000,1950000.0,1,2025,2024,Michael,A. Taylor,
,SD,Michael Brosseau,3B,0,-1,0.0,0,2025,2024,Michael,Brosseau,670712
,LAD,Michael Chavis,2B,0,-1,0.0,0,2025,2024,Michael,Chavis,656308
SF,LAD,Michael Conforto,LF,1,17000000,17000000.0,1,2025,2024,Michael,Conforto,624424
,ARI,Michael Perez,C,0,-1,0.0,0,2025,2024,Michael,Perez,605421
,TOR,Michael Stefanic,2B,1,760000,760000.0,0,2025,2024,Michael,Stefanic,683021
,CLE,Michael Turconi,SS,0,-1,0.0,0,2025,2024,Michael,Turconi,
LAA,COL,Mickey Moniak,CF,1,1250000,1250000.0,1,2025,2024,Mickey,Moniak,666160
,MIN,Mike Ford,1B,0,-1,0.0,0,2025,2024,Mike,Ford,645801
CHC,CHW,Mike Tauchman,CF,1,1950000,1950000.0,1,2025,2024,Mike,Tauchman,643565
,SD,Moises Gomez,OF,0,-1,0.0,0,2025,2024,Moises,Gomez,664332
,BOS,Nate Eaton,C,1,780000,780000.0,0,2025,2024,Nate,Eaton,681987
,SD,Nate Mondou,2B,0,-1,0.0,0,2025,2024,Nate,Mondou,670148
WSH,BOS,Nathaniel Lowe,1B,0,0,0.0,1,2025,2024,Nathaniel,Lowe,663993
,PIT,Nelson Velazquez,CF/OF,0,-1,0.0,0,2025,2024,Nelson,Velazquez,676369
,TOR,Nestor Urbina,SS,0,-1,0.0,0,2025,2024,Nestor,Urbina,
,SEA,Nick Dunn,2B,0,-1,0.0,0,2025,2024,Nick,Dunn,
,BAL,Nick Gordon,SS,0,-1,0.0,0,2025,2024,Nick,Gordon,624503
CHC,NYM,Nick Madrigal,2B,1,1350000,1350000.0,1,2025,2024,Nick,Madrigal,663611
,ATH,Nick Martini,OF,0,-1,0.0,0,2025,2024,Nick,Martini,605361
,CHW,Nick Maton,3B/SS,1,900000,900000.0,0,2025,2024,Nick,Maton,665155
,WSH,Nick Schnell,OF,0,-1,0.0,0,2025,2024,Nick,Schnell,
,LAD,Nick Senzel,3B,0,-1,0.0,0,2025,2024,Nick,Senzel,669222
,PIT,Nick Solak,LF,1,760000,760000.0,0,2025,2024,Nick,Solak,669256
CHC,LAA,Nicky Lopez,SS,1,850000,850000.0,1,2025,2024,Nicky,Lopez,670032
,NYM,Niko Goodrum,2B,0,-1,0.0,0,2025,2024,Niko,Goodrum,592348
,TEX,Omar Narváez,C,0,-1,0.0,0,2025,2024,Omar,Narváez,553882
,DET,Omari Daniel,SS,0,-1,0.0,0,2025,2024,Omari,Daniel,
,NYM,Onix Vega,C,0,-1,0.0,0,2025,2024,Onix,Vega,
,WSH,Orelvis Martinez,SS,0,-1,0.0,0,2025,2024,Orelvis,Martinez,682619
ATL,COL,Orlando Arcia,SS,0,0,0.0,1,2025,2024,Orlando,Arcia,606115
,HOU,Orlando Martinez,CF,0,-1,0.0,0,2025,2024,Orlando,Martinez,
,SD,Oscar Gonzalez,OF,1,760000,760000.0,0,2025,2024,Oscar,Gonzalez,660757
,PHI,Oscar Mercado,OF,0,-1,0.0,0,2025,2024,Oscar,Mercado,640458
,COL,Owen Miller,SS,0,-1,0.0,0,2025,2024,Owen,Miller,680911
,CIN,P.J. Higgins,C,0,-1,0.0,0,2025,2024,P.J.,Higgins,664731
,PIT,P.J. Hilson,OF,0,-1,0.0,0,2025,2024,P.J.,Hilson,
,NYM,Pablo Reyes,2B,0,-1,0.0,0,2025,2024,Pablo,Reyes,622569
KC,WSH,Paul DeJong,SS,1,1000000,1000000.0,1,2025,2024,Paul,DeJong,657557
STL,NYY,Paul Goldschmidt,1B,1,12500000,12500000.0,1,2025,2024,Paul,Goldschmidt,502671
,PHI,Payton Henry,C,0,-1,0.0,0,2025,2024,Payton,Henry,668721
NYM,NYM,Pete Alonso,1B,2,54000000,27000000.0,1,2025,2024,Pete,Alonso,624413
,PHI,Rafael Lantigua,2B,0,0,0.0,0,2025,2024,Rafael,Lantigua,
,NYM,Rafael Ortega,DH/CF,0,-1,0.0,0,2025,2024,Rafael,Ortega,542364
,TOR,Raimundo De Los Santos,SS,0,-1,0.0,0,2025,2024,Raimundo,De Los Santos,
ATL,BAL,Ramon Laureano,LF,1,4000000,4000000.0,1,2025,2024,Ramon,Laureano,657656
,MIL,Ramon Rodriguez,C,0,-1,0.0,0,2025,2024,Ramon,Rodriguez,
,WSH,Randal Diaz,SS,0,-1,0.0,0,2025,2024,Randal,Diaz,
ARI,ARI,Randal Grichuk,RF,1,5000000,5000000.0,1,2025,2024,Randal,Grichuk,545341
,MIL,Raynel Delgado,3B,0,-1,0.0,0,2025,2024,Raynel,Delgado,
,CHC,Reese McGuire,C,1,760000,760000.0,0,2025,2024,Reese,McGuire,624512
,CHC,Reivaj García,SS,0,-1,0.0,0,2025,2024,Reivaj,García,
,TOR,René Pinto,C,0,-1,0.0,0,2025,2024,René,Pinto,650907
,HOU,Reylin Perez,SS,0,-1,0.0,0,2025,2024,Reylin,Perez,
,TB,Ricardo Genoves,C,0,-1,0.0,0,2025,2024,Ricardo,Genoves,
,TEX,Richie Martin,SS,0,-1,0.0,0,2025,2024,Richie,Martin,621006
,NYY,Rob Brantly,C,0,-1,0.0,0,2025,2024,Rob,Brantly,542963
,PHI,Rodolfo Castro,SS,0,-1,0.0,0,2025,2024,Rodolfo,Castro,666801
,SD,Rodolfo Durán,C,0,-1,0.0,0,2025,2024,Rodolfo,Durán,
,BOS,Ronaldo Hernandez,C,0,-1,0.0,0,2025,2024,Ronaldo,Hernandez,
,MIA,Ronny Simon,2B,1,760000,760000.0,0,2025,2024,Ronny,Simon,682927
,TEX,Rowdy Tellez,1B,1,1000000,1000000.0,0,2025,2024,Rowdy,Tellez,642133
,KC,Rudy Martin,RF,0,-1,0.0,0,2025,2024,Rudy,Martin,
,MIN,Ryan Fitzgerald,SS,1,760000,760000.0,0,2025,2024,Ryan,Fitzgerald,680837
,STL,Ryan Vilade,3B,1,760000,760000.0,0,2025,2024,Ryan,Vilade,668723
,TEX,Sam Haggerty,2B,1,900000,900000.0,0,2025,2024,Sam,Haggerty,664059
,MIA,Samuel Estevez,OF,0,-1,0.0,0,2025,2024,Samuel,Estevez,
,CLE,Sebastian De Los Santos,SS,0,-1,0.0,0,2025,2024,Sebastian,De Los Santos,
,LAA,Sebastian Rivero,C,1,760000,760000.0,0,2025,2024,Sebastian,Rivero,
,BOS,Seby Zavala,C,0,-1,0.0,0,2025,2024,Seby,Zavala,664874
,SF,Sergio Alcantara,SS,1,760000,760000.0,0,2025,2024,Sergio,Alcantara,642727
,PHI,Seth Beer,1B,0,-1,0.0,0,2025,2024,Seth,Beer,666179
,ARI,Seth Brown,LF,0,-1,0.0,0,2025,2024,Seth,Brown,664913
,COL,Tayler Aguilar,OF,0,-1,0.0,0,2025,2024,Tayler,Aguilar,
LAD,LAD,Teoscar Hernandez,LF/RF,3,66000000,22000000.0,1,2025,2024,Teoscar,Hernandez,606192
,BAL,Terrin Vavra,SS,1,760000,760000.0,0,2025,2024,Terrin,Vavra,679631
SF,COL,Thairo Estrada,2B,1,3250000,3250000.0,1,2025,2024,Thairo,Estrada,642731
,LAA,Tim Anderson,SS,1,1250000,1250000.0,0,2025,2024,Tim,Anderson,641313
,SD,Tim Locastro,OF,0,-1,0.0,0,2025,2024,Tim,Locastro,641796
KC,PIT,Tommy Pham,LF,1,4025000,4025000.0,1,2025,2024,Tommy,Pham,502054
,SEA,Tomo Otosaka,OF,0,-1,0.0,0,2025,2024,Tomo,Otosaka,
,DET,Tomás Nido,C,1,1500000,1500000.0,0,2025,2024,Tomás,Nido,621512
,LAA,Travis Blankenhorn,3B,0,-1,0.0,0,2025,2024,Travis,Blankenhorn,663905
,NYM,Travis Jankowski,DH/LF/RF,0,0,0.0,0,2025,2024,Travis,Jankowski,608671
,NYM,Travis Swaggerty,OF,0,-1,0.0,0,2025,2024,Travis,Swaggerty,680552
ATL,LAA,Travis d'Arnaud,C,2,12000000,6000000.0,1,2025,2024,Travis,d'Arnaud,518595
,BOS,Trayce Thompson,CF,0,-1,0.0,0,2025,2024,Trayce,Thompson,572204
,SD,Trenton Brooks,1B,1,760000,760000.0,0,2025,2024,Trenton,Brooks,670092
,TB,Tres Barrera,C,0,-1,0.0,0,2025,2024,Tres,Barrera,668663
,ARI,Trey Mancini,OF/1B,0,-1,0.0,0,2025,2024,Trey,Mancini,641820
,CHW,Tristan Gray,SS,1,760000,760000.0,0,2025,2024,Tristan,Gray,656484
,TEX,Tucker Barnhart,C,1,1000000,1000000.0,0,2025,2024,Tucker,Barnhart,571466
,MIL,Ty Duvall,C,0,-1,0.0,0,2025,2024,Ty,Duvall,
CIN,MIN,Ty France,1B,1,1000000,1000000.0,1,2025,2024,Ty,France,664034
,CLE,Tyler Naquin,LF/DH,0,-1,0.0,0,2025,2024,Tyler,Naquin,571980
BOS,BAL,Tyler O'Neill,LF,3,49500000,16500000.0,1,2025,2024,Tyler,O'Neill,641933
,BAL,Vimael Machin,2B,0,0,0.0,0,2025,2024,Vimael,Machin,605353
,CIN,Will Banfield,C,0,0,0.0,0,2025,2024,Will,Banfield,677943
,ATH,Willie MacIver,C,1,760000,760000.0,0,2025,2024,Willie,MacIver,680862
MIL,SF,Willy Adames,SS,7,182000000,26000000.0,1,2025,2024,Willy,Adames,642715
,BOS,Yasmani Grandal,C,1,1350000,1350000.0,0,2025,2024,Yasmani,Grandal,518735
CHW,LAA,Yoan Moncada,3B,1,5000000,5000000.0,1,2025,2024,Yoan,Moncada,660162
,STL,Yohel Pozo,C,1,760000,760000.0,0,2025,2024,Yohel,Pozo,650968
,LAA,Yolmer Sánchez,2B,0,-1,0.0,0,2025,2024,Yolmer,Sánchez,570560
,SD,Yonathan Perlaza,OF,0,-1,0.0,0,2025,2024,Yonathan,Perlaza,
,NYM,Yonny Hernandez,SS,0,-1,0.0,0,2025,2024,Yonny,Hernandez,660634
,SEA,Yoyner Fajardo,OF,0,-1,0.0,0,2025,2024,Yoyner,Fajardo,
,SD,Yulieski Gurriel,1B,1,1350000,1350000.0,0,2025,2024,Yulieski,Gurriel,493329
,MIN,Yunior Severino,SS,0,-1,0.0,0,2025,2024,Yunior,Severino,
,HOU,Zack Short,2B,1,760000,760000.0,0,2025,2024,Zack,Short,670097
,LAA,Óscar Colás,RF/OF,0,-1,0.0,0,2025,2024,Óscar,Colás,
,SEA,Aaron McKeithan,C,0,0,0.0,0,2026,2025,Aaron,McKeithan,
,ATL,Aaron Schunk,3B,0,0,0.0,0,2026,2025,Aaron,Schunk,668845
,KC,Abraham Toro,3B,0,0,0.0,0,2026,2025,Abraham,Toro,647351
,ATH,Abrahan Gutierrez,C,0,0,0.0,0,2026,2025,Abrahan,Gutierrez,
,LAA,Adam Frazier,2B/RF/DH,1,1750000,1750000.0,0,2026,2025,Adam,Frazier,624428
TEX,PHI,Adolis García,RF,1,10000000,10000000.0,1,2026,2025,Adolis,García,666969
DET,MIL,Akil Baddoo,LF,1,1250000,1250000.0,1,2026,2025,Akil,Baddoo,668731
,SD,Albert Fabian,OF,0,0,0.0,0,2026,2025,Albert,Fabian,
,KC,Alberto Rodriguez,OF,0,0,0.0,0,2026,2025,Alberto,Rodriguez,
,SEA,Alejo Lopez,2B,0,0,0.0,0,2026,2025,Alejo,Lopez,664670
BOS,CHC,Alex Bregman,3B,5,175000000,35000000.0,1,2026,2025,Alex,Bregman,608324
,SD,Alex Verdugo,LF,0,0,0.0,0,2026,2025,Alex,Verdugo,657077
,CHC,Alexander Ramirez,OF,0,0,0.0,0,2026,2025,Alexander,Ramirez,
,NYY,Ali Sanchez,C,0,0,0.0,0,2026,2025,Ali,Sanchez,
NYY,NYY,Amed Rosario,SS,1,2500000,2500000.0,1,2026,2025,Amed,Rosario,642708
SF,SEA,Andrew Knizner,C,1,1000000,1000000.0,1,2026,2025,Andrew,Knizner,668800
,TEX,Andrew McCutchen,DH,1,1250000,1250000.0,0,2026,2025,Andrew,McCutchen,457705
,TEX,Andrew Velazquez,3B,0,0,0.0,0,2026,2025,Andrew,Velazquez,623205
DET,LAD,Andy Ibanez,2B,1,1200000,1200000.0,1,2026,2025,Andy,Ibanez,628451
,CHW,Andy Weber,2B,0,0,0.0,0,2026,2025,Andy,Weber,
,NYY,Antonio Gomez,C,0,0,0.0,0,2026,2025,Antonio,Gomez,
,NYM,Austin Barnes,C,1,1500000,1500000.0,0,2026,2025,Austin,Barnes,605131
CIN,CHW,Austin Hays,LF,1,6000000,6000000.0,1,2026,2025,Austin,Hays,669720
,ATL,Austin Nola,C,0,-1,0.0,0,2026,2025,Austin,Nola,543592
,DET,Austin Slater,LF,1,2000000,2000000.0,0,2026,2025,Austin,Slater,596103
,ATL,Ben Gamel,LF,0,0,0.0,0,2026,2025,Ben,Gamel,592325
,SD,Blake Hunt,C,0,0,0.0,0,2026,2025,Blake,Hunt,
,TB,Blake Sabol,C/RF,0,0,0.0,0,2026,2025,Blake,Sabol,666165
,STL,Bligh Madris,OF,0,0,0.0,0,2026,2025,Bligh,Madris,676632
TOR,NYM,Bo Bichette,SS/SS,3,126000000,42000000.0,1,2026,2025,Bo,Bichette,666182
,KC,Brandon Drury,2B/3B,0,0,0.0,0,2026,2025,Brandon,Drury,592273
,BOS,Brendan Rodgers,2B,0,0,0.0,0,2026,2025,Brendan,Rodgers,663898
,SEA,Brennen Davis,OF,0,0,0.0,0,2026,2025,Brennen,Davis,680695
,COL,Brett Sullivan,C,0,0,0.0,0,2026,2025,Brett,Sullivan,664954
,ATL,Brewer Hicklen,OF,0,0,0.0,0,2026,2025,Brewer,Hicklen,676551
,MIA,Brian Navarreto,C,0,0,0.0,0,2026,2025,Brian,Navarreto,640459
,SEA,Brian O'Keefe,C,0,0,0.0,0,2026,2025,Brian,O'Keefe,657247
,ATH,Brian Serven,C,0,0,0.0,0,2026,2025,Brian,Serven,661531
,PHI,Bryan De La Cruz,RF,0,0,0.0,0,2026,2025,Bryan,De La Cruz,650559
,ATH,Bryan Lavastida,C,0,0,0.0,0,2026,2025,Bryan,Lavastida,681526
,CLE,Bryce Arnold,2B,0,0,0.0,0,2026,2025,Bryce,Arnold,
,SF,Buddy Kennedy,2B,0,0,0.0,0,2026,2025,Buddy,Kennedy,671083
,HOU,C.J. Alexander,3B,0,0,0.0,0,2026,2025,C.J.,Alexander,
,TOR,C.J. Stubbs,C,0,0,0.0,0,2026,2025,C.J.,Stubbs,
,ATH,Cade Marlowe,LF,0,0,0.0,0,2026,2025,Cade,Marlowe,687799
,DET,Cal Stevenson,OF,0,0,0.0,0,2026,2025,Cal,Stevenson,670276
,SD,Carlos D. Rodriguez,OF,0,0,0.0,0,2026,2025,Carlos,D. Rodriguez,
,TOR,Carlos Mendoza,INF,0,0,0.0,0,2026,2025,Carlos,Mendoza,425825
,HOU,Carlos Pérez,C,0,0,0.0,0,2026,2025,Carlos,Pérez,542208
CHC,ARI,Carlos Santana,1B/DH,1,2000000,2000000.0,1,2026,2025,Carlos,Santana,467793
,SD,Carson Tucker,SS,0,0,0.0,0,2026,2025,Carson,Tucker,
,CLE,Carter Kieboom,3B,0,0,0.0,0,2026,2025,Carter,Kieboom,666198
,HOU,Cavan Biggio,2B,0,0,0.0,0,2026,2025,Cavan,Biggio,624415
NYM,TB,Cedric Mullins,CF,1,7000000,7000000.0,1,2026,2025,Cedric,Mullins,656775
,COL,Chad Stevens,SS,0,0,0.0,0,2026,2025,Chad,Stevens,677060
,ATH,Chad Wallach,C,0,0,0.0,0,2026,2025,Chad,Wallach,595453
,ATL,Chadwick Tromp,C,0,0,0.0,0,2026,2025,Chadwick,Tromp,644433
,CHC,Chas McCormick,RF,0,0,0.0,0,2026,2025,Chas,McCormick,676801
,LAA,Chris Taylor,3B/SS/OF,0,0,0.0,0,2026,2025,Chris,Taylor,621035
,NYM,Christian Arroyo,2B,0,0,0.0,0,2026,2025,Christian,Arroyo,624414
,CHC,Christian Bethancourt,C,1,1600000,1600000.0,0,2026,2025,Christian,Bethancourt,542194
,PHI,Christian Cairo,SS,0,0,0.0,0,2026,2025,Christian,Cairo,
,HOU,Christian Vazquez,C,0,0,0.0,0,2026,2025,Christian,Vazquez,543877
TB,MIA,Christopher Morel,LF,1,2000000,2000000.0,1,2026,2025,Christopher,Morel,666624
,LAD,Chuckie Robinson,C,0,0,0.0,0,2026,2025,Chuckie,Robinson,642020
NYY,NYY,Cody Bellinger,CF/1B,5,162500000,32500000.0,1,2026,2025,Cody,Bellinger,641355
,COL,Conner Capel,RF,0,0,0.0,0,2026,2025,Conner,Capel,668843
,SEA,Connor Joe,1B/RF,0,0,0.0,0,2026,2025,Connor,Joe,656582
,KC,Connor Kaiser,SS,0,0,0.0,0,2026,2025,Connor,Kaiser,663731
,TEX,Cooper Johnson,C,0,0,0.0,0,2026,2025,Cooper,Johnson,
,PIT,Corey Joyce,SS,0,-1,0.0,0,2026,2025,Corey,Joyce,
,DET,Corey Julks,CF,1,875000,875000.0,0,2026,2025,Corey,Julks,667452
,NYM,Cristian Pache,CF,0,0,0.0,0,2026,2025,Cristian,Pache,665506
,NYY,DJ Gladney,3B,0,0,0.0,0,2026,2025,DJ,Gladney,
,ATL,DaShawn Keirsey,OF,0,0,0.0,0,2026,2025,DaShawn,Keirsey,680577
,SEA,Daniel Amaral,OF,0,0,0.0,0,2026,2025,Daniel,Amaral,
,MIA,Daniel Johnson,RF,0,0,0.0,0,2026,2025,Daniel,Johnson,669288
,TB,Daniel Vellojin,C,0,0,0.0,0,2026,2025,Daniel,Vellojin,
MIL,TEX,Danny Jansen,C,2,14500000,7250000.0,1,2026,2025,Danny,Jansen,643376
,CHW,Darren Baker,2B,0,0,0.0,0,2026,2025,Darren,Baker,671117
,MIN,David Banuelos,C,0,0,0.0,0,2026,2025,David,Banuelos,
,PIT,Davis Wendzel,3B,1,850000,850000.0,0,2026,2025,Davis,Wendzel,673995
,CLE,Dom Nunez,C,0,0,0.0,0,2026,2025,Dom,Nunez,624513
,PIT,Dominic Fletcher,OF,0,0,0.0,0,2026,2025,Dominic,Fletcher,666150
,STL,Dominic Freeberger,3B,0,0,0.0,0,2026,2025,Dominic,Freeberger,
,ATL,Dominic Smith,1B/LF,1,1250000,1250000.0,0,2026,2025,Dominic,Smith,642086
,LAA,Donnie Walton,SS,0,0,0.0,0,2026,2025,Donnie,Walton,
,COL,Drew Avans,OF,0,0,0.0,0,2026,2025,Drew,Avans,682183
,CHW,Dustin Harris,3B,0,0,0.0,0,2026,2025,Dustin,Harris,687957
,CHC,Dylan Carlson,CF,1,2000000,2000000.0,0,2026,2025,Dylan,Carlson,666185
PHI,PHI,Dylan Moore,2B,0,0,0.0,1,2026,2025,Dylan,Moore,664238
,NYM,Eddinson Paulino,SS,0,0,0.0,0,2026,2025,Eddinson,Paulino,
,MIL,Eddys Leonard,SS,0,0,0.0,0,2026,2025,Eddys,Leonard,
,TB,Edward Olivares,LF,0,0,0.0,0,2026,2025,Edward,Olivares,658668
,KC,Elias Diaz,C,0,0,0.0,0,2026,2025,Elias,Diaz,553869
,LAD,Eliezer Alfonzo,C,0,0,0.0,0,2026,2025,Eliezer,Alfonzo,
,KC,Elih Marrero,C,0,0,0.0,0,2026,2025,Elih,Marrero,
,LAA,Elijah Dunham,OF,0,0,0.0,0,2026,2025,Elijah,Dunham,
,TOR,Eloy Jimenez,DH,0,0,0.0,0,2026,2025,Eloy,Jimenez,650391
LAD,LAD,Enrique Hernandez,OF,1,4500000,4500000.0,1,2026,2025,Enrique,Hernandez,571771
,SF,Eric Haase,C,0,-1,0.0,0,2026,2025,Eric,Haase,606992
,CHC,Eric Yang,C,0,0,0.0,0,2026,2025,Eric,Yang,687066
,WSH,Erick Mejia,2B,0,0,0.0,0,2026,2025,Erick,Mejia,625510
,NYY,Ernesto Martinez,OF,0,0,0.0,0,2026,2025,Ernesto,Martinez,
,CHC,Ethan Hearn,C,0,0,0.0,0,2026,2025,Ethan,Hearn,
SEA,CIN,Eugenio Suarez,3B,1,15000000,15000000.0,1,2026,2025,Eugenio,Suarez,553993
,HOU,Freuddy Batista,C,0,0,0.0,0,2026,2025,Freuddy,Batista,
,NYM,Gabriel Rodriguez,OF,0,0,0.0,0,2026,2025,Gabriel,Rodriguez,
,CIN,Garrett Hampson,SS,0,0,0.0,0,2026,2025,Garrett,Hampson,641658
BAL,MIL,Gary Sánchez,DH/C,1,1750000,1750000.0,1,2026,2025,Gary,Sánchez,596142
,TOR,Geovanny Planchart,C,0,0,0.0,0,2026,2025,Geovanny,Planchart,
,TEX,Gilberto Celestino,OF,0,0,0.0,0,2026,2025,Gilberto,Celestino,665482
,MIN,Giovanny Urshela,3B,0,0,0.0,0,2026,2025,Giovanny,Urshela,570482
DET,DET,Gleyber Torres,2B,1,22025000,22025000.0,1,2026,2025,Gleyber,Torres,650402
,NYM,Grae Kessinger,SS,1,900000,900000.0,0,2026,2025,Grae,Kessinger,666197
,MIL,Greg Jones,SS,0,0,0.0,0,2026,2025,Greg,Jones,675659
,LAA,Gustavo Campero,OF,0,0,0.0,0,2026,2025,Gustavo,Campero,672569
ATL,ATL,Ha-seong Kim,SS,1,20000000,20000000.0,1,2026,2025,Ha-seong,Kim,673490
PHI,SF,Harrison Bader,CF,2,20500000,10250000.0,1,2026,2025,Harrison,Bader,664056
,HOU,Hemmanuel Rosario,C,0,0,0.0,0,2026,2025,Hemmanuel,Rosario,
,PIT,Hunter Stovall,2B,0,0,0.0,0,2026,2025,Hunter,Stovall,
,ARI,Ildemaro Vargas,2B,1,1250000,1250000.0,0,2026,2025,Ildemaro,Vargas,545121
TOR,BOS,Isiah Kiner-Falefa,2B/3B/SS/OF,1,6000000,6000000.0,1,2026,2025,Isiah,Kiner-Falefa,643396
,TOR,Ismael Munguia,OF,0,0,0.0,0,2026,2025,Ismael,Munguia,
ATH,CIN,J.J. Bleday,CF,1,1400000,1400000.0,1,2026,2025,J.J.,Bleday,668709
,LAA,J.J. D'Orazio,C,0,0,0.0,0,2026,2025,J.J.,D'Orazio,
,SEA,J.T. Arruda,SS,0,0,0.0,0,2026,2025,J.T.,Arruda,
PHI,PHI,J.T. Realmuto,C,3,45000000,15000000.0,1,2026,2025,J.T.,Realmuto,592663
,TEX,Jack Blomgren,SS,0,0,0.0,0,2026,2025,Jack,Blomgren,
,HOU,Jack WInkler,SS,0,0,0.0,0,2026,2025,Jack,WInkler,676466
,NYM,Jackson Cluff,SS,0,0,0.0,0,2026,2025,Jackson,Cluff,
,ARI,Jacob Amaya,SS,0,0,0.0,0,2026,2025,Jacob,Amaya,676070
,MIL,Jacob Hurtubise,OF,0,0,0.0,0,2026,2025,Jacob,Hurtubise,674441
,SEA,Jacob Nottingham,C,0,0,0.0,0,2026,2025,Jacob,Nottingham,641924
,SD,Jake Cunningham,OF,0,0,0.0,0,2026,2025,Jake,Cunningham,
TB,TB,Jake Fraley,RF/OF,1,3000000,3000000.0,1,2026,2025,Jake,Fraley,641584
,SF,Jake Holton,1B,0,0,0.0,0,2026,2025,Jake,Holton,
,TEX,Jake Snider,CF,0,0,0.0,0,2026,2025,Jake,Snider,
,SEA,Jakson Reetz,C,0,0,0.0,0,2026,2025,Jakson,Reetz,656883
ARI,ARI,James McCann,C,1,2750000,2750000.0,1,2026,2025,James,McCann,543510
,HOU,James Nelson,SS,0,0,0.0,0,2026,2025,James,Nelson,
,SF,Jared Oliva,CF,0,0,0.0,0,2026,2025,Jared,Oliva,666931
,CHW,Jarred Kelenic,LF,0,0,0.0,0,2026,2025,Jarred,Kelenic,672284
,SD,Jase Bowen,CF,0,0,0.0,0,2026,2025,Jase,Bowen,
,BOS,Jason Delay,C,0,0,0.0,0,2026,2025,Jason,Delay,641511
,HOU,Jax Biggers,SS,0,0,0.0,0,2026,2025,Jax,Biggers,
,CHC,Jaylen Palmer,SS,0,0,0.0,0,2026,2025,Jaylen,Palmer,
,LAA,Jeimer Candelario,3B,1,780000,780000.0,0,2026,2025,Jeimer,Candelario,600869
,MIA,Jesus Bastidas,2B,0,0,0.0,0,2026,2025,Jesus,Bastidas,
,DET,Joe Campagna,SS,0,0,0.0,0,2026,2025,Joe,Campagna,
,ATH,Joey Meneses,1B/DH,0,0,0.0,0,2026,2025,Joey,Meneses,608841
,TEX,Jonah Bride,DH,0,0,0.0,0,2026,2025,Jonah,Bride,681146
TEX,ATL,Jonah Heim,C,1,1250000,1250000.0,1,2026,2025,Jonah,Heim,641680
,NYY,Jonathan Ornelas,SS,0,0,0.0,0,2026,2025,Jonathan,Ornelas,680716
,ATL,Jordan Groshans,SS,0,0,0.0,0,2026,2025,Jordan,Groshans,677954
,MIL,Jordyn Adams,OF,0,0,0.0,0,2026,2025,Jordyn,Adams,677941
,KC,Jorge Alfaro,C,0,0,0.0,0,2026,2025,Jorge,Alfaro,595751
,TOR,Jorge Burgos,OF,0,0,0.0,0,2026,2025,Jorge,Burgos,
BAL,ATL,Jorge Mateo,SS,1,1000000,1000000.0,1,2026,2025,Jorge,Mateo,622761
SEA,NYM,Jorge Polanco,1B,2,40000000,20000000.0,1,2026,2025,Jorge,Polanco,593871
,ATL,Jose Azocar,OF,0,0,0.0,0,2026,2025,Jose,Azocar,640492
,TEX,Jose Herrera,C,0,0,0.0,0,2026,2025,Jose,Herrera,645444
,SD,Jose Miranda,DH,0,0,0.0,0,2026,2025,Jose,Miranda,669304
,NYM,Jose Ramos,OF,0,0,0.0,0,2026,2025,Jose,Ramos,
,NYM,Jose Rojas,3B,1,820000,820000.0,0,2026,2025,Jose,Rojas,670351
,LAA,Jose Siri,CF,1,1600000,1600000.0,0,2026,2025,Jose,Siri,642350
WSH,MIN,Josh Bell,DH/1B,1,7000000,7000000.0,1,2026,2025,Josh,Bell,458679
,CHW,Josh Breaux,C,0,0,0.0,0,2026,2025,Josh,Breaux,
SEA,SEA,Josh Naylor,1B/OF,5,92500000,18500000.0,1,2026,2025,Josh,Naylor,647304
,KC,Josh Rojas,3B/OF/2B,0,0,0.0,0,2026,2025,Josh,Rojas,668942
,ARI,Juan Centeno,C,0,0,0.0,0,2026,2025,Juan,Centeno,518542
,ATL,Juan Olmos,C,0,0,0.0,0,2026,2025,Juan,Olmos,
,TOR,Juan Yepez,1B,0,0,0.0,0,2026,2025,Juan,Yepez,660766
,CHC,Karson Simas,SS,0,0,0.0,0,2026,2025,Karson,Simas,
JPN,TOR,Kazuma Okamoto,3B,4,60000000,15000000.0,1,2026,2025,Kazuma,Okamoto,672960
,HOU,Kellen Strahm,CF,0,0,0.0,0,2026,2025,Kellen,Strahm,
,NYY,Kenedy Corona,OF,0,0,0.0,0,2026,2025,Kenedy,Corona,685744
,WSH,Kervin Pichardo,SS,0,0,0.0,0,2026,2025,Kervin,Pichardo,
,LAD,Keston Hiura,2B,0,0,0.0,0,2026,2025,Keston,Hiura,669374
,KC,Kevin Newman,SS,0,0,0.0,0,2026,2025,Kevin,Newman,621028
,COL,Kyle McCann,C,0,0,0.0,0,2026,2025,Kyle,McCann,668832
PHI,PHI,Kyle Schwarber,DH,5,150000000,30000000.0,1,2026,2025,Kyle,Schwarber,656941
CHC,LAD,Kyle Tucker,RF,4,240000000,60000000.0,1,2026,2025,Kyle,Tucker,663656
,CHW,LaMonte Wade Jr.,RF/1B,0,-1,0.0,0,2026,2025,LaMonte,Wade Jr.,
CLE,KC,Lane Thomas,RF,1,5250000,5250000.0,1,2026,2025,Lane,Thomas,657041
VEN,SD,Leandro Cedeno,1B,0,0,0.0,0,2026,2025,Leandro,Cedeno,660681
,WSH,Leandro Pineda,OF,0,0,0.0,0,2026,2025,Leandro,Pineda,
SEA,BAL,Leody Taveras,CF,1,2000000,2000000.0,1,2026,2025,Leody,Taveras,665750
,PHI,Liover Peguero,SS,0,0,0.0,0,2026,2025,Liover,Peguero,678894
,TB,Logan Davidson,1B,0,0,0.0,0,2026,2025,Logan,Davidson,669722
SD,SF,Luis Arraez,2B,1,12000000,12000000.0,1,2026,2025,Luis,Arraez,650333
LAA,MIL,Luis Rengifo,SS,1,3500000,3500000.0,1,2026,2025,Luis,Rengifo,650859
,SD,Luis Verdugo,SS,0,0,0.0,0,2026,2025,Luis,Verdugo,
,KC,Luke Maile,C,0,0,0.0,0,2026,2025,Luke,Maile,571912
,LAA,Luke Ritter,2B,0,-1,0.0,0,2026,2025,Luke,Ritter,
,ATL,Luke Williams,LF,0,0,0.0,0,2026,2025,Luke,Williams,663897
,ARI,Luken Baker,1B,0,0,0.0,0,2026,2025,Luken,Baker,663609
KC,NYM,MJ Melendez,LF/C,1,1500000,1500000.0,1,2026,2025,MJ,Melendez,669004
ATL,PIT,Marcell Ozuna,DH,1,12000000,12000000.0,1,2026,2025,Marcell,Ozuna,542303
,TEX,Marcus Lee Sang,CF,0,0,0.0,0,2026,2025,Marcus,Lee Sang,
,TEX,Mark Canha,1B/LF,0,0,0.0,0,2026,2025,Mark,Canha,592192
,PHI,Mark Kolozsvary,C,0,0,0.0,0,2026,2025,Mark,Kolozsvary,656627
,BOS,Matt Fraizer,CF,0,0,0.0,0,2026,2025,Matt,Fraizer,
,WSH,Matt Mervis,1B,0,0,0.0,0,2026,2025,Matt,Mervis,670223
,ARI,Matt O'Neill,C,0,0,0.0,0,2026,2025,Matt,O'Neill,
,BOS,Matt Thaiss,C/1B,0,0,0.0,0,2026,2025,Matt,Thaiss,642136
,DET,Max Burt,3B,0,0,0.0,0,2026,2025,Max,Burt,
,CIN,Michael Chavis,2B,0,0,0.0,0,2026,2025,Michael,Chavis,656308
,CHC,Michael Conforto,LF,1,2000000,2000000.0,0,2026,2025,Michael,Conforto,624424
,ATH,Michael Stefanic,2B,0,0,0.0,0,2026,2025,Michael,Stefanic,683021
,CIN,Michael Toglia,1B,0,0,0.0,0,2026,2025,Michael,Toglia,669911
CIN,SD,Miguel Andujar,3B/1B,1,4000000,4000000.0,1,2026,2025,Miguel,Andujar,609280
,NYY,Miguel Palma,C,0,0,0.0,0,2026,2025,Miguel,Palma,
LAD,LAD,Miguel Rojas,SS,1,5500000,5500000.0,1,2026,2025,Miguel,Rojas,500743
,NYM,Mike Tauchman,RF,0,0,0.0,0,2026,2025,Mike,Tauchman,643565
KC,ATL,Mike Yastrzemski,CF,2,23000000,11500000.0,1,2026,2025,Mike,Yastrzemski,573262
,SEA,Mitch Garver,C,1,2250000,2250000.0,0,2026,2025,Mitch,Garver,641598
JPN,CHW,Munetaka Murakami,3B,2,34000000,17000000.0,1,2026,2025,Munetaka,Murakami,808959
,SD,Nate Mondou,2B,0,0,0.0,0,2026,2025,Nate,Mondou,670148
,CIN,Nathaniel Lowe,1B,1,1750000,1750000.0,0,2026,2025,Nathaniel,Lowe,663993
,STL,Nelson Velazquez,CF/OF,0,0,0.0,0,2026,2025,Nelson,Velazquez,676369
PHI,SD,Nick Castellanos,DH/RF,1,780000,780000.0,1,2026,2025,Nick,Castellanos,592206
,LAA,Nick Madrigal,2B,0,0,0.0,0,2026,2025,Nick,Madrigal,663611
,TEX,Nick Pratto,1B,0,0,0.0,0,2026,2025,Nick,Pratto,668472
,SD,Nick Schnell,OF,0,0,0.0,0,2026,2025,Nick,Schnell,
,SD,Nick Solak,LF,0,0,0.0,0,2026,2025,Nick,Solak,669256
,COL,Nicky Lopez,SS,0,0,0.0,0,2026,2025,Nicky,Lopez,670032
,CHW,Oliver Dunn,3B,0,0,0.0,0,2026,2025,Oliver,Dunn,686554
,LAA,Omar Martinez,C,0,0,0.0,0,2026,2025,Omar,Martinez,
,MIN,Orlando Arcia,SS,0,0,0.0,0,2026,2025,Orlando,Arcia,606115
,TEX,Orlando Martinez,CF,0,0,0.0,0,2026,2025,Orlando,Martinez,
,PHI,Oscar Mercado,OF,0,0,0.0,0,2026,2025,Oscar,Mercado,640458
,CHC,Owen Miller,SS,0,0,0.0,0,2026,2025,Owen,Miller,680911
,CIN,P.J. Higgins,C,0,0,0.0,0,2026,2025,P.J.,Higgins,664731
,CIN,Pablo Aliendo,C,0,0,0.0,0,2026,2025,Pablo,Aliendo,
,SD,Pablo Reyes,2B,0,0,0.0,0,2026,2025,Pablo,Reyes,622569
OS,SEA,Patrick Wisdom,3B,0,0,0.0,0,2026,2025,Patrick,Wisdom,621550
,NYY,Paul DeJong,3B,1,1000000,1000000.0,0,2026,2025,Paul,DeJong,657557
NYY,NYY,Paul Goldschmidt,1B,1,4000000,4000000.0,1,2026,2025,Paul,Goldschmidt,502671
,NYY,Payton Henry,C,0,0,0.0,0,2026,2025,Payton,Henry,668721
NYM,BAL,Pete Alonso,1B,5,155000000,31000000.0,1,2026,2025,Pete,Alonso,624413
,TOR,Rafael Lantigua,2B,0,0,0.0,0,2026,2025,Rafael,Lantigua,
HOU,STL,Ramon Urias,3B/SS,1,2000000,2000000.0,1,2026,2025,Ramon,Urias,602104
,NYY,Randal Grichuk,RF,1,2500000,2500000.0,0,2026,2025,Randal,Grichuk,545341
,TB,Raynel Delgado,3B,0,0,0.0,0,2026,2025,Raynel,Delgado,
MIL,CHW,Reese McGuire,C,1,1200000,1200000.0,1,2026,2025,Reese,McGuire,624512
,PHI,René Pinto,C,0,0,0.0,0,2026,2025,René,Pinto,650907
,CLE,Rhys Hoskins,1B,1,1500000,1500000.0,0,2026,2025,Rhys,Hoskins,656555
,HOU,Riley Unroe,SS,0,0,0.0,0,2026,2025,Riley,Unroe,
,SEA,Rob Emery,C,0,-1,0.0,0,2026,2025,Rob,Emery,
BOS,SEA,Rob Refsnyder,RF,1,6250000,6250000.0,1,2026,2025,Rob,Refsnyder,608701
,TOR,Rodolfo Castro,SS,0,-1,0.0,0,2026,2025,Rodolfo,Castro,666801
,PIT,Ronny Simon,2B,0,0,0.0,0,2026,2025,Ronny,Simon,682927
,ATL,Rowdy Tellez,DH,1,1250000,1250000.0,0,2026,2025,Rowdy,Tellez,642133
,LAA,Rubel Cespedes,INF,0,0,0.0,0,2026,2025,Rubel,Cespedes,
SD,PIT,Ryan O'Hearn,DH/1B/RF,2,29000000,14500000.0,1,2026,2025,Ryan,O'Hearn,656811
,BAL,Sam Huff,C,0,0,0.0,0,2026,2025,Sam,Huff,669087
,SD,Samad Taylor,SS,0,0,0.0,0,2026,2025,Samad,Taylor,669392
,SEA,Sammy Siani,CF,0,0,0.0,0,2026,2025,Sammy,Siani,
,ATL,Sandy León,C,0,0,0.0,0,2026,2025,Sandy,León,506702
,LAD,Santiago Espinal,3B,1,2500000,2500000.0,0,2026,2025,Santiago,Espinal,669289
,CHC,Scott Kingery,2B,0,0,0.0,0,2026,2025,Scott,Kingery,664068
,LAA,Sebastian Rivero,C,0,0,0.0,0,2026,2025,Sebastian,Rivero,
,LAD,Seby Zavala,C,0,0,0.0,0,2026,2025,Seby,Zavala,664874
,PHI,Sergio Alcantara,SS,0,0,0.0,0,2026,2025,Sergio,Alcantara,642727
,NYY,Seth Brown,LF,0,0,0.0,0,2026,2025,Seth,Brown,664913
,CIN,Shane Sasaki,CF,0,0,0.0,0,2026,2025,Shane,Sasaki,
NYM,KC,Starling Marte,RF,1,1000000,1000000.0,1,2026,2025,Starling,Marte,516782
,CLE,Stuart Fairchild,OF,0,0,0.0,0,2026,2025,Stuart,Fairchild,656413
KOR,SD,Sung Mun Song,INF,4,15000000,3750000.0,1,2026,2025,Sung,Mun Song,
,ARI,Teofilo Mendez,SS,0,0,0.0,0,2026,2025,Teofilo,Mendez,
,BAL,Thairo Estrada,2B,0,0,0.0,0,2026,2025,Thairo,Estrada,642731
,CHW,Tim Elko,1B,0,0,0.0,0,2026,2025,Tim,Elko,671284
,NYM,Tommy Pham,RF,1,2250000,2250000.0,0,2026,2025,Tommy,Pham,502054
,DET,Tomás Nido,C,0,0,0.0,0,2026,2025,Tomás,Nido,621512
NYY,NYY,Trent Grisham,CF,1,22025000,22025000.0,1,2026,2025,Trent,Grisham,663757
,WSH,Tres Barrera,C,0,0,0.0,0,2026,2025,Tres,Barrera,668663
,LAA,Trey Mancini,OF/1B,0,0,0.0,0,2026,2025,Trey,Mancini,641820
,ATL,Tristin English,OF,0,0,0.0,0,2026,2025,Tristin,English,663536
,SD,Ty France,1B,1,1350000,1350000.0,0,2026,2025,Ty,France,664034
OS,CHC,Tyler Austin,1B,1,1250000,1250000.0,1,2026,2025,Tyler,Austin,592122
,TEX,Tyler Wade,SS,0,0,0.0,0,2026,2025,Tyler,Wade,642180
HOU,MIN,Victor Caratini,C,2,14000000,7000000.0,1,2026,2025,Victor,Caratini,605170
,COL,Vimael Machin,2B,0,0,0.0,0,2026,2025,Vimael,Machin,605353
,BOS,Vinny Capra,SS,0,0,0.0,0,2026,2025,Vinny,Capra,681962
,WSH,Warming Bernabel,SS,0,-1,0.0,0,2026,2025,Warming,Bernabel,682653
,CIN,Will Banfield,C,0,0,0.0,0,2026,2025,Will,Banfield,677943
CLE,SF,Will Brennan,RF,1,900000,900000.0,1,2026,2025,Will,Brennan,686823
,SEA,Will Wilson,SS,0,0,0.0,0,2026,2025,Will,Wilson,669717
CHC,COL,Willi Castro,SS,2,12800000,6400000.0,1,2026,2025,Willi,Castro,650489
,PIT,William Lugo,SS,0,-1,0.0,0,2026,2025,William,Lugo,
,TOR,William Simoneit,SS,0,0,0.0,0,2026,2025,William,Simoneit,
,BAL,Willy Vasquez,INF,0,0,0.0,0,2026,2025,Willy,Vasquez,
LAA,LAA,Yoan Moncada,3B,1,4000000,4000000.0,1,2026,2025,Yoan,Moncada,660162
STL,STL,Yohel Pozo,C,1,0,0.0,1,2026,2025,Yohel,Pozo,650968
,LAA,Yolmer Sánchez,2B,0,0,0.0,0,2026,2025,Yolmer,Sánchez,570560
,NYY,Zack Short,2B,0,0,0.0,0,2026,2025,Zack,Short,670097
